qa_row_id,group,lesson,screen_id,screen_archetype,french,english_presented,english_kind,scene_context,source_text,communicative_purpose,usage_role,expected_action,item_chunk_ids,sentence_id,payload_id,protected_chunk_boundaries,accepted_alternatives,french_qa_state,duplicate_reuse_locations,founder_verdict,human_qa_verdict,reviewer_correction,register_note,natural_spoken_french_note,reviewer_rationale,reviewer_name,review_date
QA-L01-001,F,L1,s00-goal-survival-kit,insight-card,merci,thank you,gloss,Insight card: Your survival kit,"Today: add the polite close, thank, and swap the drink. By the end: you can carry a whole small exchange in French. Main pieces: s'il vous plaît, merci.",French named inside explanatory copy,recognition,read,chunk-merci,sent:l01-merci,,,,founder_waived_provisional,"also: L1/s01-insight-survival-kit, L1/s07-meet-merci, L1/s07-meet-merci, L1/s10-weave-merci-thanks, L1/s10-weave-merci-thanks, L1/s10-weave-merci-thanks, L1/s08-sayit-cafe-order, L1/s09-recap-survival-kit, L3/s05-fill-refuse-politely, L6/s00-goal-petit-moment, L6/s04-fill-decline-offer, L6/s04-fill-decline-offer, L6/s08-weave-close-open, L6/s10-recap-a-small-moment, L7/s06-sayit-take-your-leave, L7/s07-recap-heading-home, L9/s08-fill-softener, L10/s07-sayit-take-your-leave",,,,,,,,
QA-L01-002,F,L1,s00-goal-survival-kit,insight-card,s'il vous plaît,please (formal),gloss,Insight card: Your survival kit,"Today: add the polite close, thank, and swap the drink. By the end: you can carry a whole small exchange in French. Main pieces: s'il vous plaît, merci.",French named inside explanatory copy,recognition,read,chunk-sil-vous-plait,,,,,(none on item),"also: L1/s05-meet-sil-vous-plait, L1/s05-meet-sil-vous-plait, L1/s06-weave-cafe-order-please, L1/s11-weave-the-order, L1/s08-sayit-cafe-order, L1/s09-recap-survival-kit, L9/s08-fill-softener, L9/s05-weave-break-politely, L9/s10-insight-what-you-can-ask, L9/s06-sayit-long-afternoon, L9/s07-recap-pause, L10/s10-reveal-midday-break",,,,,,,,
QA-L01-003,B,L1,s03-fill-polite-verb,fill-with-traps,"Bonjour, je voudrais un café.",(no English gloss presented),none,Which word keeps the request polite?,,Natural full sentence shown after the choice,model-only,read,chunk-je-voudrais chunk-bonjour chunk-un-cafe,,,,,(none on item),also: L1/s04-weave-cafe-order,,,,,,,,
QA-L01-004,C,L1,s03-fill-polite-verb,fill-with-traps,"Bonjour, je ___ un café.",(no English gloss presented),none,Which word keeps the request polite?,,The French frame the blank sits in,recognition,read,chunk-je-voudrais,,,,,(none on item),unique to this screen,,,,,,,,
QA-L01-005,C,L1,s03-fill-polite-verb,fill-with-traps,suis,(no English gloss presented),none,Which word keeps the request polite?,,Distractor — shown reason: Je suis means I am. It cannot ask for a coffee.,recognition,choose,chunk-je-voudrais,,,,,(none on item),"also: L2/s03-fill-je-suis-blank, L3/s02-fill-verb-in-sandwich, L7/s03-fill-je-vais-blank, L9/s03-fill-faire-blank, L10/s03-fill-engine-chooser",,,,,,,,
QA-L01-006,C,L1,s03-fill-polite-verb,fill-with-traps,veux,(no English gloss presented),none,Which word keeps the request polite?,,"Distractor — shown reason: It works, but it sounds blunt with someone you don't know. Je voudrais stays polite.",recognition,choose,chunk-je-voudrais,,,errorTag: wrong_register,,(none on item),unique to this screen,,,,,,,,
QA-L01-007,C,L1,s03-fill-polite-verb,fill-with-traps,voudrais,(no English gloss presented),none,Which word keeps the request polite?,,The option that completes the frame,recognition,choose,chunk-je-voudrais,,,,,(none on item),"also: L2/s03-fill-je-suis-blank, L3/s02-fill-verb-in-sandwich, L7/s03-fill-je-vais-blank, L10/s03-fill-engine-chooser",,,,,,,,
QA-L01-008,F,L1,s03-fill-polite-verb,fill-with-traps,je suis,I am,gloss,Which word keeps the request polite?,Je suis means I am. It cannot ask for a coffee.,French named inside feedback copy,recognition,read,chunk-je-suis,,,,,(none on item),"also: L2/s00-goal-etre, L2/s00-meet-je-suis-ici, L2/s01-insight-je-suis-engine, L2/s02-meet-bonjour-je-suis-ici, L2/s03-fill-je-suis-blank, L2/s04-weave-je-suis-ici, L2/s05-weave-call-and-respond, L2/s07-sayit-arrive-locate, L2/s08-recap-first-engine, L3/s01-insight-ne-pas-sandwich, L3/s10-recap-negation, L4/s00-goal-jai, L4/s01-insight-have-for-feelings, L4/s02-fill-have-not-be, L4/s02-fill-have-not-be, L6/s00-goal-petit-moment, L6/s03-weave-bonjour-je-suis-ici, L6/s07-sayit-step-in, L6/s10-recap-a-small-moment, L7/s02-insight-je-vais-frozen, L7/s03-fill-je-vais-blank, L10/s03-fill-engine-chooser, L10/s01-insight-three-engines",,,,,,,,
QA-L01-009,F,L1,s03-fill-polite-verb,fill-with-traps,je voudrais,I would like,gloss,Which word keeps the request polite?,"Je voudrais softens any request. It is the polite way to ask a stranger for a coffee, or for anything else. ⏐ It works, but it sounds blunt with someone you don't know. Je voudrais stays polite.",French named inside feedback copy,recognition,read,chunk-je-voudrais,,,,,(none on item),"fields: payload.reveal.explanation (inline) ; payload.options[opt-veux].trapReason (inline) || also: L1/s04-weave-cafe-order, L1/s06-weave-cafe-order-please, L1/s11-weave-the-order, L1/s08-sayit-cafe-order, L1/s09-recap-survival-kit, L2/s03-fill-je-suis-blank, L3/s02-fill-verb-in-sandwich, L4/s02-fill-have-not-be, L4/s02-fill-have-not-be, L5/s05-weave-je-voudrais-un-cafe, L5/s07-sayit-ask-for-a-coffee, L5/s08-recap-packages, L7/s03-fill-je-vais-blank, L9/s00-goal-pause, L9/s01-meet-faire-une-pause, L9/s03-fill-faire-blank, L9/s02-insight-voudrais-carries-actions, L9/s04-weave-ask-for-a-break, L9/s05-weave-break-politely, L9/s10-insight-what-you-can-ask, L9/s06-sayit-long-afternoon, L9/s07-recap-pause, L10/s03-fill-engine-chooser, L10/s01-insight-three-engines, L10/s04-weave-midday-break, L10/s08-recap-full-day",,,,,,,,
QA-L01-010,A,L1,s04-weave-cafe-order,weave,"Bonjour, je voudrais un café.","Hello, I would like a coffee.",instruction,You step up to the counter and order simply.,,Typed production — supported weave,active-new,type,chunk-bonjour chunk-je-voudrais noun-cafe,,,,,(none on item),also: L1/s03-fill-polite-verb,,,,,,,,
QA-L01-011,C,L1,s04-weave-cafe-order,weave,Bonjour,Hello,gloss,You step up to the counter and order simply.,"Start with bonjour, then the request.","Support piece shown as ""greeting"" (required)",recognition,read,chunk-bonjour,,,"piece boundary ""Bonjour"" ↔ registry ""Bonjour""",,(none on item),"fields: payload.suggestedPieces[].text (hint rung 1) ; payload.reveal.ifMissingTargetPiece (inline) || also: L1/s01-insight-survival-kit, L1/s06-weave-cafe-order-please, L1/s08-sayit-cafe-order, L1/s09-recap-survival-kit, L2/s02-meet-bonjour-je-suis-ici, L2/s03-fill-je-suis-blank, L2/s03-fill-je-suis-blank, L2/s07-sayit-arrive-locate, L2/s08-recap-first-engine, L3/s02-fill-verb-in-sandwich, L3/s02-fill-verb-in-sandwich, L4/s06-weave-bonjour-j-ai-une-question, L4/s07-sayit-how-you-feel, L4/s08-recap-jai, L6/s00-goal-petit-moment, L6/s01-meet-bonjour-at-the-door, L6/s01-meet-bonjour-at-the-door, L6/s03-weave-bonjour-je-suis-ici, L6/s00-insight-bonjour-to-au-revoir, L6/s00-insight-bonjour-to-au-revoir, L6/s07-sayit-step-in, L6/s10-recap-a-small-moment, L8/s06-sayit-find-the-room, L8/s06-sayit-find-the-room, L8/s07-recap-ou, L10/s09-meet-morning-arrival, L10/s02-weave-arrive-ask-where, L10/s02-weave-arrive-ask-where, L10/s05-weave-close-the-day, L10/s08-recap-full-day",,,,,,,,
QA-L01-012,C,L1,s04-weave-cafe-order,weave,"Bonjour, je voudrais ___.","Hello, I would like a coffee.",instruction,You step up to the counter and order simply.,,Second hint rung — a shape to fill in,recognition,read,chunk-bonjour chunk-je-voudrais noun-cafe,,,,,(none on item),unique to this screen,,,,,,,,
QA-L01-013,C,L1,s04-weave-cafe-order,weave,je voudrais,I would like,gloss,You step up to the counter and order simply.,,"Support piece shown as ""polite request"" (required)",recognition,read,chunk-je-voudrais,,,"piece boundary ""je voudrais"" ↔ registry ""je voudrais""",,(none on item),"also: L1/s03-fill-polite-verb, L1/s06-weave-cafe-order-please, L1/s11-weave-the-order, L1/s08-sayit-cafe-order, L1/s09-recap-survival-kit, L2/s03-fill-je-suis-blank, L3/s02-fill-verb-in-sandwich, L4/s02-fill-have-not-be, L4/s02-fill-have-not-be, L5/s05-weave-je-voudrais-un-cafe, L5/s07-sayit-ask-for-a-coffee, L5/s08-recap-packages, L7/s03-fill-je-vais-blank, L9/s00-goal-pause, L9/s01-meet-faire-une-pause, L9/s03-fill-faire-blank, L9/s02-insight-voudrais-carries-actions, L9/s04-weave-ask-for-a-break, L9/s05-weave-break-politely, L9/s10-insight-what-you-can-ask, L9/s06-sayit-long-afternoon, L9/s07-recap-pause, L10/s03-fill-engine-chooser, L10/s01-insight-three-engines, L10/s04-weave-midday-break, L10/s08-recap-full-day",,,,,,,,
QA-L01-014,C,L1,s04-weave-cafe-order,weave,un café,coffee,gloss,You step up to the counter and order simply.,,"Support piece shown as ""noun package"" (required)",recognition,read,noun-cafe,,,"piece boundary ""un café"" ↔ registry ""café""",,(none on item),"also: L1/s06-weave-cafe-order-please, L1/s08-sayit-cafe-order, L1/s09-recap-survival-kit, L5/s00-goal-un-une, L5/s00-meet-un-cafe, L5/s03-fill-package-cafe, L5/s04-fill-package-question, L5/s02-insight-little-packages, L5/s04b-fill-choose-package, L5/s05-weave-je-voudrais-un-cafe, L5/s07-sayit-ask-for-a-coffee, L5/s08-recap-packages",,,,,,,,
QA-L01-015,F,L1,s01-insight-survival-kit,insight-card,Bonjour.,Hello.,gloss,Insight card: A small kit goes a long way.,,"Illustrative example inside ""A small kit goes a long way.""",recognition,read,chunk-bonjour,,,,,(none on item),"also: L1/s04-weave-cafe-order, L1/s06-weave-cafe-order-please, L1/s08-sayit-cafe-order, L1/s09-recap-survival-kit, L2/s02-meet-bonjour-je-suis-ici, L2/s03-fill-je-suis-blank, L2/s03-fill-je-suis-blank, L2/s07-sayit-arrive-locate, L2/s08-recap-first-engine, L3/s02-fill-verb-in-sandwich, L3/s02-fill-verb-in-sandwich, L4/s06-weave-bonjour-j-ai-une-question, L4/s07-sayit-how-you-feel, L4/s08-recap-jai, L6/s00-goal-petit-moment, L6/s01-meet-bonjour-at-the-door, L6/s01-meet-bonjour-at-the-door, L6/s03-weave-bonjour-je-suis-ici, L6/s00-insight-bonjour-to-au-revoir, L6/s00-insight-bonjour-to-au-revoir, L6/s07-sayit-step-in, L6/s10-recap-a-small-moment, L8/s06-sayit-find-the-room, L8/s06-sayit-find-the-room, L8/s07-recap-ou, L10/s09-meet-morning-arrival, L10/s02-weave-arrive-ask-where, L10/s02-weave-arrive-ask-where, L10/s05-weave-close-the-day, L10/s08-recap-full-day",,,,,,,,
QA-L01-016,F,L1,s01-insight-survival-kit,insight-card,Merci.,Thank you.,gloss,Insight card: A small kit goes a long way.,,"Illustrative example inside ""A small kit goes a long way.""",recognition,read,chunk-merci,sent:l01-merci,,,,founder_waived_provisional,"also: L1/s00-goal-survival-kit, L1/s07-meet-merci, L1/s07-meet-merci, L1/s10-weave-merci-thanks, L1/s10-weave-merci-thanks, L1/s10-weave-merci-thanks, L1/s08-sayit-cafe-order, L1/s09-recap-survival-kit, L3/s05-fill-refuse-politely, L6/s00-goal-petit-moment, L6/s04-fill-decline-offer, L6/s04-fill-decline-offer, L6/s08-weave-close-open, L6/s10-recap-a-small-moment, L7/s06-sayit-take-your-leave, L7/s07-recap-heading-home, L9/s08-fill-softener, L10/s07-sayit-take-your-leave",,,,,,,,
QA-L01-017,C,L1,s05-meet-sil-vous-plait,meet-card,s'il vous plaît,please (formal),gloss,The polite tail of a request.,,Highlighted chunk boundary inside the meet sentence,recognition,read,chunk-sil-vous-plait,,,"highlight span of ""S'il vous plaît.""",,(none on item),"also: L1/s00-goal-survival-kit, L1/s06-weave-cafe-order-please, L1/s11-weave-the-order, L1/s08-sayit-cafe-order, L1/s09-recap-survival-kit, L9/s08-fill-softener, L9/s05-weave-break-politely, L9/s10-insight-what-you-can-ask, L9/s06-sayit-long-afternoon, L9/s07-recap-pause, L10/s10-reveal-midday-break",,,,,,,,
QA-L01-018,C,L1,s05-meet-sil-vous-plait,meet-card,S'il vous plaît.,Please.,gloss,The polite tail of a request.,,First contact / re-contact: The polite tail of a request.,active-new,listen,chunk-sil-vous-plait,,,s'il vous plaît → chunk-sil-vous-plait,,(none on item),"also: L1/s00-goal-survival-kit, L1/s06-weave-cafe-order-please, L1/s11-weave-the-order, L1/s08-sayit-cafe-order, L1/s09-recap-survival-kit, L9/s08-fill-softener, L9/s05-weave-break-politely, L9/s10-insight-what-you-can-ask, L9/s06-sayit-long-afternoon, L9/s07-recap-pause, L10/s10-reveal-midday-break",,,,,,,,
QA-L01-019,A,L1,s06-weave-cafe-order-please,weave,"Bonjour, je voudrais un café, s'il vous plaît.","Hello, I would like a coffee, please.",instruction,Add the soft close to your order.,,Typed production — supported weave,active-new,type,chunk-bonjour chunk-je-voudrais noun-cafe chunk-sil-vous-plait,,,,,(none on item),unique to this screen,,,,,,,,
QA-L01-020,C,L1,s06-weave-cafe-order-please,weave,Bonjour,Hello,gloss,Add the soft close to your order.,,"Support piece shown as ""greeting"" (required)",recognition,read,chunk-bonjour,,,"piece boundary ""Bonjour"" ↔ registry ""Bonjour""",,(none on item),"also: L1/s04-weave-cafe-order, L1/s01-insight-survival-kit, L1/s08-sayit-cafe-order, L1/s09-recap-survival-kit, L2/s02-meet-bonjour-je-suis-ici, L2/s03-fill-je-suis-blank, L2/s03-fill-je-suis-blank, L2/s07-sayit-arrive-locate, L2/s08-recap-first-engine, L3/s02-fill-verb-in-sandwich, L3/s02-fill-verb-in-sandwich, L4/s06-weave-bonjour-j-ai-une-question, L4/s07-sayit-how-you-feel, L4/s08-recap-jai, L6/s00-goal-petit-moment, L6/s01-meet-bonjour-at-the-door, L6/s01-meet-bonjour-at-the-door, L6/s03-weave-bonjour-je-suis-ici, L6/s00-insight-bonjour-to-au-revoir, L6/s00-insight-bonjour-to-au-revoir, L6/s07-sayit-step-in, L6/s10-recap-a-small-moment, L8/s06-sayit-find-the-room, L8/s06-sayit-find-the-room, L8/s07-recap-ou, L10/s09-meet-morning-arrival, L10/s02-weave-arrive-ask-where, L10/s02-weave-arrive-ask-where, L10/s05-weave-close-the-day, L10/s08-recap-full-day",,,,,,,,
QA-L01-021,C,L1,s06-weave-cafe-order-please,weave,"Bonjour, je voudrais ___, s'il vous plaît.","Hello, I would like a coffee, please.",instruction,Add the soft close to your order.,,Second hint rung — a shape to fill in,recognition,read,chunk-bonjour chunk-je-voudrais noun-cafe chunk-sil-vous-plait,,,,,(none on item),unique to this screen,,,,,,,,
QA-L01-022,C,L1,s06-weave-cafe-order-please,weave,je voudrais,I would like,gloss,Add the soft close to your order.,,"Support piece shown as ""polite request"" (required)",recognition,read,chunk-je-voudrais,,,"piece boundary ""je voudrais"" ↔ registry ""je voudrais""",,(none on item),"also: L1/s03-fill-polite-verb, L1/s04-weave-cafe-order, L1/s11-weave-the-order, L1/s08-sayit-cafe-order, L1/s09-recap-survival-kit, L2/s03-fill-je-suis-blank, L3/s02-fill-verb-in-sandwich, L4/s02-fill-have-not-be, L4/s02-fill-have-not-be, L5/s05-weave-je-voudrais-un-cafe, L5/s07-sayit-ask-for-a-coffee, L5/s08-recap-packages, L7/s03-fill-je-vais-blank, L9/s00-goal-pause, L9/s01-meet-faire-une-pause, L9/s03-fill-faire-blank, L9/s02-insight-voudrais-carries-actions, L9/s04-weave-ask-for-a-break, L9/s05-weave-break-politely, L9/s10-insight-what-you-can-ask, L9/s06-sayit-long-afternoon, L9/s07-recap-pause, L10/s03-fill-engine-chooser, L10/s01-insight-three-engines, L10/s04-weave-midday-break, L10/s08-recap-full-day",,,,,,,,
QA-L01-023,C,L1,s06-weave-cafe-order-please,weave,s'il vous plaît,please (formal),gloss,Add the soft close to your order.,Add s'il vous plaît to soften the close. It costs nothing and changes the tone.,"Support piece shown as ""softener""",recognition,read,chunk-sil-vous-plait,,,"piece boundary ""s'il vous plaît"" ↔ registry ""s'il vous plaît""",,(none on item),"fields: payload.suggestedPieces[].text (hint rung 1) ; payload.reveal.ifMissingTargetPiece (inline) || also: L1/s00-goal-survival-kit, L1/s05-meet-sil-vous-plait, L1/s05-meet-sil-vous-plait, L1/s11-weave-the-order, L1/s08-sayit-cafe-order, L1/s09-recap-survival-kit, L9/s08-fill-softener, L9/s05-weave-break-politely, L9/s10-insight-what-you-can-ask, L9/s06-sayit-long-afternoon, L9/s07-recap-pause, L10/s10-reveal-midday-break",,,,,,,,
QA-L01-024,C,L1,s06-weave-cafe-order-please,weave,un café,coffee,gloss,Add the soft close to your order.,,"Support piece shown as ""noun package"" (required)",recognition,read,noun-cafe,,,"piece boundary ""un café"" ↔ registry ""café""",,(none on item),"also: L1/s04-weave-cafe-order, L1/s08-sayit-cafe-order, L1/s09-recap-survival-kit, L5/s00-goal-un-une, L5/s00-meet-un-cafe, L5/s03-fill-package-cafe, L5/s04-fill-package-question, L5/s02-insight-little-packages, L5/s04b-fill-choose-package, L5/s05-weave-je-voudrais-un-cafe, L5/s07-sayit-ask-for-a-coffee, L5/s08-recap-packages",,,,,,,,
QA-L01-025,C,L1,s07-meet-merci,meet-card,Merci,thank you,gloss,Close with thanks.,,Highlighted chunk boundary inside the meet sentence,recognition,read,chunk-merci,sent:l01-merci,,"highlight span of ""Merci.""",,founder_waived_provisional,"also: L1/s00-goal-survival-kit, L1/s01-insight-survival-kit, L1/s10-weave-merci-thanks, L1/s10-weave-merci-thanks, L1/s10-weave-merci-thanks, L1/s08-sayit-cafe-order, L1/s09-recap-survival-kit, L3/s05-fill-refuse-politely, L6/s00-goal-petit-moment, L6/s04-fill-decline-offer, L6/s04-fill-decline-offer, L6/s08-weave-close-open, L6/s10-recap-a-small-moment, L7/s06-sayit-take-your-leave, L7/s07-recap-heading-home, L9/s08-fill-softener, L10/s07-sayit-take-your-leave",,,,,,,,
QA-L01-026,C,L1,s07-meet-merci,meet-card,Merci.,Thank you.,gloss,Close with thanks.,,First contact / re-contact: Close with thanks.,active-new,listen,chunk-merci,sent:l01-merci,,Merci → chunk-merci,,founder_waived_provisional,"also: L1/s00-goal-survival-kit, L1/s01-insight-survival-kit, L1/s10-weave-merci-thanks, L1/s10-weave-merci-thanks, L1/s10-weave-merci-thanks, L1/s08-sayit-cafe-order, L1/s09-recap-survival-kit, L3/s05-fill-refuse-politely, L6/s00-goal-petit-moment, L6/s04-fill-decline-offer, L6/s04-fill-decline-offer, L6/s08-weave-close-open, L6/s10-recap-a-small-moment, L7/s06-sayit-take-your-leave, L7/s07-recap-heading-home, L9/s08-fill-softener, L10/s07-sayit-take-your-leave",,,,,,,,
QA-L01-027,A,L1,s10-weave-merci-thanks,weave,Merci.,The coffee arrives. Thank them.,instruction,The server sets it down and waits a moment.,,Typed production — supported weave,active-new,type,chunk-merci,sent:l01-merci,v1-lesson-001/s10-weave-merci-thanks,,Merci | Merci !,founder_waived_provisional,"also: L1/s00-goal-survival-kit, L1/s01-insight-survival-kit, L1/s07-meet-merci, L1/s07-meet-merci, L1/s08-sayit-cafe-order, L1/s09-recap-survival-kit, L3/s05-fill-refuse-politely, L6/s00-goal-petit-moment, L6/s04-fill-decline-offer, L6/s04-fill-decline-offer, L6/s08-weave-close-open, L6/s10-recap-a-small-moment, L7/s06-sayit-take-your-leave, L7/s07-recap-heading-home, L9/s08-fill-softener, L10/s07-sayit-take-your-leave",,,,,,,,
QA-L01-028,E,L1,s10-weave-merci-thanks,weave,Merci,The coffee arrives. Thank them.,instruction,The server sets it down and waits a moment.,,"Accepted instead of ""Merci.""",accepted-alternative,type,chunk-merci,sent:l01-merci,v1-lesson-001/s10-weave-merci-thanks,,,founder_waived_provisional,"also: L1/s00-goal-survival-kit, L1/s01-insight-survival-kit, L1/s07-meet-merci, L1/s07-meet-merci, L1/s08-sayit-cafe-order, L1/s09-recap-survival-kit, L3/s05-fill-refuse-politely, L6/s00-goal-petit-moment, L6/s04-fill-decline-offer, L6/s04-fill-decline-offer, L6/s08-weave-close-open, L6/s10-recap-a-small-moment, L7/s06-sayit-take-your-leave, L7/s07-recap-heading-home, L9/s08-fill-softener, L10/s07-sayit-take-your-leave",,,,,,,,
QA-L01-029,E,L1,s10-weave-merci-thanks,weave,Merci !,The coffee arrives. Thank them.,instruction,The server sets it down and waits a moment.,,"Accepted instead of ""Merci.""",accepted-alternative,type,chunk-merci,,v1-lesson-001/s10-weave-merci-thanks,,,(none on item),unique to this screen,,,,,,,,
QA-L01-030,F,L1,s10-weave-merci-thanks,weave,merci,thank you,gloss,The server sets it down and waits a moment.,One word does it here: merci.,French named inside feedback copy,recognition,read,chunk-merci,sent:l01-merci,v1-lesson-001/s10-weave-merci-thanks,,,founder_waived_provisional,"also: L1/s00-goal-survival-kit, L1/s01-insight-survival-kit, L1/s07-meet-merci, L1/s07-meet-merci, L1/s08-sayit-cafe-order, L1/s09-recap-survival-kit, L3/s05-fill-refuse-politely, L6/s00-goal-petit-moment, L6/s04-fill-decline-offer, L6/s04-fill-decline-offer, L6/s08-weave-close-open, L6/s10-recap-a-small-moment, L7/s06-sayit-take-your-leave, L7/s07-recap-heading-home, L9/s08-fill-softener, L10/s07-sayit-take-your-leave",,,,,,,,
QA-L01-031,C,L1,s12-meet-un-the,meet-card,Je voudrais un thé.,I would like a tea.,gloss,"Same request, a different drink.",,"First contact / re-contact: Same request, a different drink.",supported,listen,chunk-un-the,,,un thé → chunk-un-the,,founder_waived_provisional,unique to this screen,,,,,,,,
QA-L01-032,C,L1,s12-meet-un-the,meet-card,un thé,a tea,gloss,"Same request, a different drink.",,Highlighted chunk boundary inside the meet sentence,supported,read,chunk-un-the,,,"highlight span of ""Je voudrais un thé.""",,founder_waived_provisional,"also: L1/s11-weave-the-order, L1/s09-recap-survival-kit",,,,,,,,
QA-L01-033,A,L1,s11-weave-the-order,weave,"Je voudrais un thé, s'il vous plaît.",Order a tea politely.,instruction,The server looks over. This time it's a tea.,,Typed production — supported weave,supported,type,chunk-un-the,sent:l01-je-voudrais-un-the-sil-vous-plait,v1-lesson-001/s11-weave-the-order,constitutive package: un thé (chunk-un-the),,founder_waived_provisional,unique to this screen,,,,,,,,
QA-L01-034,C,L1,s11-weave-the-order,weave,je voudrais,I would like,gloss,The server looks over. This time it's a tea.,,"Support piece shown as ""polite request""",recognition,read,chunk-je-voudrais,,v1-lesson-001/s11-weave-the-order,"piece boundary ""je voudrais"" ↔ registry ""je voudrais""",,(none on item),"also: L1/s03-fill-polite-verb, L1/s04-weave-cafe-order, L1/s06-weave-cafe-order-please, L1/s08-sayit-cafe-order, L1/s09-recap-survival-kit, L2/s03-fill-je-suis-blank, L3/s02-fill-verb-in-sandwich, L4/s02-fill-have-not-be, L4/s02-fill-have-not-be, L5/s05-weave-je-voudrais-un-cafe, L5/s07-sayit-ask-for-a-coffee, L5/s08-recap-packages, L7/s03-fill-je-vais-blank, L9/s00-goal-pause, L9/s01-meet-faire-une-pause, L9/s03-fill-faire-blank, L9/s02-insight-voudrais-carries-actions, L9/s04-weave-ask-for-a-break, L9/s05-weave-break-politely, L9/s10-insight-what-you-can-ask, L9/s06-sayit-long-afternoon, L9/s07-recap-pause, L10/s03-fill-engine-chooser, L10/s01-insight-three-engines, L10/s04-weave-midday-break, L10/s08-recap-full-day",,,,,,,,
QA-L01-035,C,L1,s11-weave-the-order,weave,"Je voudrais ___, s'il vous plaît.",Order a tea politely.,instruction,The server looks over. This time it's a tea.,,Second hint rung — a shape to fill in,recognition,read,chunk-un-the,,v1-lesson-001/s11-weave-the-order,,,founder_waived_provisional,also: L9/s05-weave-break-politely,,,,,,,,
QA-L01-036,C,L1,s11-weave-the-order,weave,s'il vous plaît,please (formal),gloss,The server looks over. This time it's a tea.,,"Support piece shown as ""polite close""",recognition,read,chunk-sil-vous-plait,,v1-lesson-001/s11-weave-the-order,"piece boundary ""s'il vous plaît"" ↔ registry ""s'il vous plaît""",,(none on item),"also: L1/s00-goal-survival-kit, L1/s05-meet-sil-vous-plait, L1/s05-meet-sil-vous-plait, L1/s06-weave-cafe-order-please, L1/s08-sayit-cafe-order, L1/s09-recap-survival-kit, L9/s08-fill-softener, L9/s05-weave-break-politely, L9/s10-insight-what-you-can-ask, L9/s06-sayit-long-afternoon, L9/s07-recap-pause, L10/s10-reveal-midday-break",,,,,,,,
QA-L01-037,C,L1,s11-weave-the-order,weave,un thé,a tea,gloss,The server looks over. This time it's a tea.,Your meaning lands. The drink keeps its little word: un thé. ⏐ The drink piece is right there: un thé.,"Support piece shown as ""your drink"" (required)",supported,read,chunk-un-the,,v1-lesson-001/s11-weave-the-order,"piece boundary ""un thé"" ↔ registry ""un thé""",,founder_waived_provisional,"fields: payload.suggestedPieces[].text (constitutive, always visible) ; payload.reveal.ifUnderstandableButWrong (inline) ; payload.reveal.ifMissingTargetPiece (inline) || also: L1/s12-meet-un-the, L1/s09-recap-survival-kit",,,,,,,,
QA-L01-038,B,L1,s08-sayit-cafe-order,say-it-your-way,"Bonjour, je voudrais un café, s'il vous plaît. Merci !","Order politely, then close the exchange.",instruction,"The counter is quiet. You have been waiting a moment, and the person behind it turns to you.",,Model answer for the open task,model-only,read,chunk-bonjour chunk-je-voudrais noun-cafe chunk-sil-vous-plait chunk-merci,,,,,(none on item),unique to this screen,,,,,,,,
QA-L01-039,B,L1,s08-sayit-cafe-order,say-it-your-way,"Bonjour, un café s'il vous plaît. Merci !","Order politely, then close the exchange.",instruction,"The counter is quiet. You have been waiting a moment, and the person behind it turns to you.",,Alternative natural version shown in the reveal,model-only,read,chunk-bonjour chunk-je-voudrais noun-cafe chunk-sil-vous-plait chunk-merci,,,,,(none on item),unique to this screen,,,,,,,,
QA-L01-040,C,L1,s08-sayit-cafe-order,say-it-your-way,Bonjour,Hello,gloss,"The counter is quiet. You have been waiting a moment, and the person behind it turns to you.",,Support piece for the open task,recognition,read,chunk-bonjour,,,"piece boundary ""Bonjour"" ↔ registry ""Bonjour""",,(none on item),"also: L1/s04-weave-cafe-order, L1/s01-insight-survival-kit, L1/s06-weave-cafe-order-please, L1/s09-recap-survival-kit, L2/s02-meet-bonjour-je-suis-ici, L2/s03-fill-je-suis-blank, L2/s03-fill-je-suis-blank, L2/s07-sayit-arrive-locate, L2/s08-recap-first-engine, L3/s02-fill-verb-in-sandwich, L3/s02-fill-verb-in-sandwich, L4/s06-weave-bonjour-j-ai-une-question, L4/s07-sayit-how-you-feel, L4/s08-recap-jai, L6/s00-goal-petit-moment, L6/s01-meet-bonjour-at-the-door, L6/s01-meet-bonjour-at-the-door, L6/s03-weave-bonjour-je-suis-ici, L6/s00-insight-bonjour-to-au-revoir, L6/s00-insight-bonjour-to-au-revoir, L6/s07-sayit-step-in, L6/s10-recap-a-small-moment, L8/s06-sayit-find-the-room, L8/s06-sayit-find-the-room, L8/s07-recap-ou, L10/s09-meet-morning-arrival, L10/s02-weave-arrive-ask-where, L10/s02-weave-arrive-ask-where, L10/s05-weave-close-the-day, L10/s08-recap-full-day",,,,,,,,
QA-L01-041,C,L1,s08-sayit-cafe-order,say-it-your-way,je voudrais,I would like,gloss,"The counter is quiet. You have been waiting a moment, and the person behind it turns to you.",,Support piece for the open task,recognition,read,chunk-je-voudrais,,,"piece boundary ""je voudrais"" ↔ registry ""je voudrais""",,(none on item),"also: L1/s03-fill-polite-verb, L1/s04-weave-cafe-order, L1/s06-weave-cafe-order-please, L1/s11-weave-the-order, L1/s09-recap-survival-kit, L2/s03-fill-je-suis-blank, L3/s02-fill-verb-in-sandwich, L4/s02-fill-have-not-be, L4/s02-fill-have-not-be, L5/s05-weave-je-voudrais-un-cafe, L5/s07-sayit-ask-for-a-coffee, L5/s08-recap-packages, L7/s03-fill-je-vais-blank, L9/s00-goal-pause, L9/s01-meet-faire-une-pause, L9/s03-fill-faire-blank, L9/s02-insight-voudrais-carries-actions, L9/s04-weave-ask-for-a-break, L9/s05-weave-break-politely, L9/s10-insight-what-you-can-ask, L9/s06-sayit-long-afternoon, L9/s07-recap-pause, L10/s03-fill-engine-chooser, L10/s01-insight-three-engines, L10/s04-weave-midday-break, L10/s08-recap-full-day",,,,,,,,
QA-L01-042,C,L1,s08-sayit-cafe-order,say-it-your-way,merci,thank you,gloss,"The counter is quiet. You have been waiting a moment, and the person behind it turns to you.",,Support piece for the open task,recognition,read,chunk-merci,sent:l01-merci,,"piece boundary ""merci"" ↔ registry ""merci""",,founder_waived_provisional,"also: L1/s00-goal-survival-kit, L1/s01-insight-survival-kit, L1/s07-meet-merci, L1/s07-meet-merci, L1/s10-weave-merci-thanks, L1/s10-weave-merci-thanks, L1/s10-weave-merci-thanks, L1/s09-recap-survival-kit, L3/s05-fill-refuse-politely, L6/s00-goal-petit-moment, L6/s04-fill-decline-offer, L6/s04-fill-decline-offer, L6/s08-weave-close-open, L6/s10-recap-a-small-moment, L7/s06-sayit-take-your-leave, L7/s07-recap-heading-home, L9/s08-fill-softener, L10/s07-sayit-take-your-leave",,,,,,,,
QA-L01-043,C,L1,s08-sayit-cafe-order,say-it-your-way,s'il vous plaît,please (formal),gloss,"The counter is quiet. You have been waiting a moment, and the person behind it turns to you.",,Support piece for the open task,recognition,read,chunk-sil-vous-plait,,,"piece boundary ""s'il vous plaît"" ↔ registry ""s'il vous plaît""",,(none on item),"also: L1/s00-goal-survival-kit, L1/s05-meet-sil-vous-plait, L1/s05-meet-sil-vous-plait, L1/s06-weave-cafe-order-please, L1/s11-weave-the-order, L1/s09-recap-survival-kit, L9/s08-fill-softener, L9/s05-weave-break-politely, L9/s10-insight-what-you-can-ask, L9/s06-sayit-long-afternoon, L9/s07-recap-pause, L10/s10-reveal-midday-break",,,,,,,,
QA-L01-044,C,L1,s08-sayit-cafe-order,say-it-your-way,un café,coffee,gloss,"The counter is quiet. You have been waiting a moment, and the person behind it turns to you.",,Support piece for the open task,recognition,read,noun-cafe,,,"piece boundary ""un café"" ↔ registry ""café""",,(none on item),"also: L1/s04-weave-cafe-order, L1/s06-weave-cafe-order-please, L1/s09-recap-survival-kit, L5/s00-goal-un-une, L5/s00-meet-un-cafe, L5/s03-fill-package-cafe, L5/s04-fill-package-question, L5/s02-insight-little-packages, L5/s04b-fill-choose-package, L5/s05-weave-je-voudrais-un-cafe, L5/s07-sayit-ask-for-a-coffee, L5/s08-recap-packages",,,,,,,,
QA-L01-045,C,L1,s09-recap-survival-kit,recap,Bonjour,Hello,gloss,Recap: You can hold a first exchange.,,Chip listed back as a piece the learner used,recycled,read,chunk-bonjour,,,,,(none on item),"also: L1/s04-weave-cafe-order, L1/s01-insight-survival-kit, L1/s06-weave-cafe-order-please, L1/s08-sayit-cafe-order, L2/s02-meet-bonjour-je-suis-ici, L2/s03-fill-je-suis-blank, L2/s03-fill-je-suis-blank, L2/s07-sayit-arrive-locate, L2/s08-recap-first-engine, L3/s02-fill-verb-in-sandwich, L3/s02-fill-verb-in-sandwich, L4/s06-weave-bonjour-j-ai-une-question, L4/s07-sayit-how-you-feel, L4/s08-recap-jai, L6/s00-goal-petit-moment, L6/s01-meet-bonjour-at-the-door, L6/s01-meet-bonjour-at-the-door, L6/s03-weave-bonjour-je-suis-ici, L6/s00-insight-bonjour-to-au-revoir, L6/s00-insight-bonjour-to-au-revoir, L6/s07-sayit-step-in, L6/s10-recap-a-small-moment, L8/s06-sayit-find-the-room, L8/s06-sayit-find-the-room, L8/s07-recap-ou, L10/s09-meet-morning-arrival, L10/s02-weave-arrive-ask-where, L10/s02-weave-arrive-ask-where, L10/s05-weave-close-the-day, L10/s08-recap-full-day",,,,,,,,
QA-L01-046,C,L1,s09-recap-survival-kit,recap,je voudrais,I would like,gloss,Recap: You can hold a first exchange.,,Chip listed back as a piece the learner used,recycled,read,chunk-je-voudrais,,,,,(none on item),"also: L1/s03-fill-polite-verb, L1/s04-weave-cafe-order, L1/s06-weave-cafe-order-please, L1/s11-weave-the-order, L1/s08-sayit-cafe-order, L2/s03-fill-je-suis-blank, L3/s02-fill-verb-in-sandwich, L4/s02-fill-have-not-be, L4/s02-fill-have-not-be, L5/s05-weave-je-voudrais-un-cafe, L5/s07-sayit-ask-for-a-coffee, L5/s08-recap-packages, L7/s03-fill-je-vais-blank, L9/s00-goal-pause, L9/s01-meet-faire-une-pause, L9/s03-fill-faire-blank, L9/s02-insight-voudrais-carries-actions, L9/s04-weave-ask-for-a-break, L9/s05-weave-break-politely, L9/s10-insight-what-you-can-ask, L9/s06-sayit-long-afternoon, L9/s07-recap-pause, L10/s03-fill-engine-chooser, L10/s01-insight-three-engines, L10/s04-weave-midday-break, L10/s08-recap-full-day",,,,,,,,
QA-L01-047,C,L1,s09-recap-survival-kit,recap,merci,thank you,gloss,Recap: You can hold a first exchange.,"You softened it with s'il vous plaît, and closed with merci.",Chip listed back as a piece the learner used,recycled,read,chunk-merci,sent:l01-merci,,,,founder_waived_provisional,"fields: payload.piecesUsed[4] ; payload.lines[1] (inline) || also: L1/s00-goal-survival-kit, L1/s01-insight-survival-kit, L1/s07-meet-merci, L1/s07-meet-merci, L1/s10-weave-merci-thanks, L1/s10-weave-merci-thanks, L1/s10-weave-merci-thanks, L1/s08-sayit-cafe-order, L3/s05-fill-refuse-politely, L6/s00-goal-petit-moment, L6/s04-fill-decline-offer, L6/s04-fill-decline-offer, L6/s08-weave-close-open, L6/s10-recap-a-small-moment, L7/s06-sayit-take-your-leave, L7/s07-recap-heading-home, L9/s08-fill-softener, L10/s07-sayit-take-your-leave",,,,,,,,
QA-L01-048,C,L1,s09-recap-survival-kit,recap,s'il vous plaît,please (formal),gloss,Recap: You can hold a first exchange.,"You softened it with s'il vous plaît, and closed with merci.",Chip listed back as a piece the learner used,recycled,read,chunk-sil-vous-plait,,,,,(none on item),"fields: payload.piecesUsed[3] ; payload.lines[1] (inline) || also: L1/s00-goal-survival-kit, L1/s05-meet-sil-vous-plait, L1/s05-meet-sil-vous-plait, L1/s06-weave-cafe-order-please, L1/s11-weave-the-order, L1/s08-sayit-cafe-order, L9/s08-fill-softener, L9/s05-weave-break-politely, L9/s10-insight-what-you-can-ask, L9/s06-sayit-long-afternoon, L9/s07-recap-pause, L10/s10-reveal-midday-break",,,,,,,,
QA-L01-049,C,L1,s09-recap-survival-kit,recap,un café,a coffee,gloss,Recap: You can hold a first exchange.,,Chip listed back as a piece the learner used,recycled,read,chunk-un-cafe,,,,,(none on item),"also: L1/s04-weave-cafe-order, L1/s06-weave-cafe-order-please, L1/s08-sayit-cafe-order, L5/s00-goal-un-une, L5/s00-meet-un-cafe, L5/s03-fill-package-cafe, L5/s04-fill-package-question, L5/s02-insight-little-packages, L5/s04b-fill-choose-package, L5/s05-weave-je-voudrais-un-cafe, L5/s07-sayit-ask-for-a-coffee, L5/s08-recap-packages",,,,,,,,
QA-L01-050,C,L1,s09-recap-survival-kit,recap,un thé,a tea,gloss,Recap: You can hold a first exchange.,"You ordered un thé too, with the piece in front of you.",Chip listed back as a piece the learner used,recycled,read,chunk-un-the,,,,,founder_waived_provisional,"fields: payload.piecesUsed[5] ; payload.lines[2] (inline) || also: L1/s12-meet-un-the, L1/s11-weave-the-order",,,,,,,,
QA-L02-051,F,L2,s00-goal-etre,insight-card,ici,here,gloss,Insight card: Your first engine,"Today: your first French sentence engine, je suis. By the end: you can say where you are. Main pieces: je suis, ici.",French named inside explanatory copy,recognition,read,word-ici,,,,,(none on item),"also: L2/s00-meet-je-suis-ici, L2/s02-meet-bonjour-je-suis-ici, L2/s03-fill-je-suis-blank, L2/s04-weave-je-suis-ici, L2/s05-weave-call-and-respond, L2/s07-sayit-arrive-locate, L2/s08-recap-first-engine, L3/s06-weave-je-ne-suis-pas-ici, L3/s07-weave-ce-n-est-pas-ici, L3/s08-weave-non-je-ne-suis-pas-ici, L3/s09-sayit-not-here, L4/s00-goal-jai, L6/s00-goal-petit-moment, L6/s03-weave-bonjour-je-suis-ici, L6/s07-sayit-step-in, L6/s10-recap-a-small-moment, L8/s00-goal-ou, L8/s03-fill-c-est-blank, L8/s08-meet-c-est-ici, L8/s09-fill-which-side, L8/s05-weave-answer-here, L8/s10-reveal-both-sides, L8/s07-recap-ou",,,,,,,,
QA-L02-052,F,L2,s00-goal-etre,insight-card,je suis,I am,gloss,Insight card: Your first engine,"Today: your first French sentence engine, je suis. By the end: you can say where you are. Main pieces: je suis, ici.",French named inside explanatory copy,recognition,read,chunk-je-suis,,,,,(none on item),"also: L1/s03-fill-polite-verb, L2/s00-meet-je-suis-ici, L2/s01-insight-je-suis-engine, L2/s02-meet-bonjour-je-suis-ici, L2/s03-fill-je-suis-blank, L2/s04-weave-je-suis-ici, L2/s05-weave-call-and-respond, L2/s07-sayit-arrive-locate, L2/s08-recap-first-engine, L3/s01-insight-ne-pas-sandwich, L3/s10-recap-negation, L4/s00-goal-jai, L4/s01-insight-have-for-feelings, L4/s02-fill-have-not-be, L4/s02-fill-have-not-be, L6/s00-goal-petit-moment, L6/s03-weave-bonjour-je-suis-ici, L6/s07-sayit-step-in, L6/s10-recap-a-small-moment, L7/s02-insight-je-vais-frozen, L7/s03-fill-je-vais-blank, L10/s03-fill-engine-chooser, L10/s01-insight-three-engines",,,,,,,,
QA-L02-053,C,L2,s00-meet-je-suis-ici,meet-card,ici,here,gloss,Two words. Where you are.,,Highlighted chunk boundary inside the meet sentence,supported,read,word-ici,,,"highlight span of ""Je suis ici.""",,(none on item),"also: L2/s00-goal-etre, L2/s02-meet-bonjour-je-suis-ici, L2/s03-fill-je-suis-blank, L2/s04-weave-je-suis-ici, L2/s05-weave-call-and-respond, L2/s07-sayit-arrive-locate, L2/s08-recap-first-engine, L3/s06-weave-je-ne-suis-pas-ici, L3/s07-weave-ce-n-est-pas-ici, L3/s08-weave-non-je-ne-suis-pas-ici, L3/s09-sayit-not-here, L4/s00-goal-jai, L6/s00-goal-petit-moment, L6/s03-weave-bonjour-je-suis-ici, L6/s07-sayit-step-in, L6/s10-recap-a-small-moment, L8/s00-goal-ou, L8/s03-fill-c-est-blank, L8/s08-meet-c-est-ici, L8/s09-fill-which-side, L8/s05-weave-answer-here, L8/s10-reveal-both-sides, L8/s07-recap-ou",,,,,,,,
QA-L02-054,C,L2,s00-meet-je-suis-ici,meet-card,je suis,I am,gloss,Two words. Where you are.,,Highlighted chunk boundary inside the meet sentence,recognition,read,chunk-je-suis,,,"highlight span of ""Je suis ici.""",,(none on item),"also: L1/s03-fill-polite-verb, L2/s00-goal-etre, L2/s01-insight-je-suis-engine, L2/s02-meet-bonjour-je-suis-ici, L2/s03-fill-je-suis-blank, L2/s04-weave-je-suis-ici, L2/s05-weave-call-and-respond, L2/s07-sayit-arrive-locate, L2/s08-recap-first-engine, L3/s01-insight-ne-pas-sandwich, L3/s10-recap-negation, L4/s00-goal-jai, L4/s01-insight-have-for-feelings, L4/s02-fill-have-not-be, L4/s02-fill-have-not-be, L6/s00-goal-petit-moment, L6/s03-weave-bonjour-je-suis-ici, L6/s07-sayit-step-in, L6/s10-recap-a-small-moment, L7/s02-insight-je-vais-frozen, L7/s03-fill-je-vais-blank, L10/s03-fill-engine-chooser, L10/s01-insight-three-engines",,,,,,,,
QA-L02-055,C,L2,s00-meet-je-suis-ici,meet-card,Je suis ici.,I am here.,gloss,Two words. Where you are.,,First contact / re-contact: Two words. Where you are.,active-new,listen,chunk-je-suis-ici chunk-je-suis,,,je suis → chunk-je-suis | ici → word-ici,,(none on item),"also: L2/s01-insight-je-suis-engine, L2/s03-fill-je-suis-blank, L2/s04-weave-je-suis-ici, L2/s04-weave-je-suis-ici, L2/s06-insight-shape-noticed, L2/s06-insight-shape-noticed, L2/s05-weave-call-and-respond, L2/s05-weave-call-and-respond, L2/s07-sayit-arrive-locate, L2/s07-sayit-arrive-locate, L3/s01-insight-ne-pas-sandwich, L4/s01-insight-have-for-feelings, L4/s03b-fill-where-feel-have, L4/s03b-fill-where-feel-have, L6/s02-fill-right-place, L6/s02-fill-right-place, L6/s03-weave-bonjour-je-suis-ici, L10/s01-insight-three-engines",,,,,,,,
QA-L02-056,F,L2,s01-insight-je-suis-engine,insight-card,je suis,I am,gloss,Insight card: Your first French sentence engine.,Je suis = I am. This shape is small. You will use it again and again.,French named inside explanatory copy,recognition,read,chunk-je-suis,,,,,(none on item),"also: L1/s03-fill-polite-verb, L2/s00-goal-etre, L2/s00-meet-je-suis-ici, L2/s02-meet-bonjour-je-suis-ici, L2/s03-fill-je-suis-blank, L2/s04-weave-je-suis-ici, L2/s05-weave-call-and-respond, L2/s07-sayit-arrive-locate, L2/s08-recap-first-engine, L3/s01-insight-ne-pas-sandwich, L3/s10-recap-negation, L4/s00-goal-jai, L4/s01-insight-have-for-feelings, L4/s02-fill-have-not-be, L4/s02-fill-have-not-be, L6/s00-goal-petit-moment, L6/s03-weave-bonjour-je-suis-ici, L6/s07-sayit-step-in, L6/s10-recap-a-small-moment, L7/s02-insight-je-vais-frozen, L7/s03-fill-je-vais-blank, L10/s03-fill-engine-chooser, L10/s01-insight-three-engines",,,,,,,,
QA-L02-057,F,L2,s01-insight-je-suis-engine,insight-card,Je suis ici.,I am here.,gloss,Insight card: Your first French sentence engine.,,"Illustrative example inside ""Your first French sentence engine.""",recognition,read,chunk-je-suis-ici,,,,,(none on item),"also: L2/s00-meet-je-suis-ici, L2/s03-fill-je-suis-blank, L2/s04-weave-je-suis-ici, L2/s04-weave-je-suis-ici, L2/s06-insight-shape-noticed, L2/s06-insight-shape-noticed, L2/s05-weave-call-and-respond, L2/s05-weave-call-and-respond, L2/s07-sayit-arrive-locate, L2/s07-sayit-arrive-locate, L3/s01-insight-ne-pas-sandwich, L4/s01-insight-have-for-feelings, L4/s03b-fill-where-feel-have, L4/s03b-fill-where-feel-have, L6/s02-fill-right-place, L6/s02-fill-right-place, L6/s03-weave-bonjour-je-suis-ici, L10/s01-insight-three-engines",,,,,,,,
QA-L02-058,C,L2,s02-meet-bonjour-je-suis-ici,meet-card,Bonjour,Hello,gloss,"Greet, then locate.",,Highlighted chunk boundary inside the meet sentence,recognition,read,chunk-bonjour,,,"highlight span of ""Bonjour, je suis ici.""",,(none on item),"also: L1/s04-weave-cafe-order, L1/s01-insight-survival-kit, L1/s06-weave-cafe-order-please, L1/s08-sayit-cafe-order, L1/s09-recap-survival-kit, L2/s03-fill-je-suis-blank, L2/s03-fill-je-suis-blank, L2/s07-sayit-arrive-locate, L2/s08-recap-first-engine, L3/s02-fill-verb-in-sandwich, L3/s02-fill-verb-in-sandwich, L4/s06-weave-bonjour-j-ai-une-question, L4/s07-sayit-how-you-feel, L4/s08-recap-jai, L6/s00-goal-petit-moment, L6/s01-meet-bonjour-at-the-door, L6/s01-meet-bonjour-at-the-door, L6/s03-weave-bonjour-je-suis-ici, L6/s00-insight-bonjour-to-au-revoir, L6/s00-insight-bonjour-to-au-revoir, L6/s07-sayit-step-in, L6/s10-recap-a-small-moment, L8/s06-sayit-find-the-room, L8/s06-sayit-find-the-room, L8/s07-recap-ou, L10/s09-meet-morning-arrival, L10/s02-weave-arrive-ask-where, L10/s02-weave-arrive-ask-where, L10/s05-weave-close-the-day, L10/s08-recap-full-day",,,,,,,,
QA-L02-059,C,L2,s02-meet-bonjour-je-suis-ici,meet-card,"Bonjour, je suis ici.","Hello, I am here.",gloss,"Greet, then locate.",,"First contact / re-contact: Greet, then locate.",recycled,listen,chunk-bonjour chunk-je-suis-ici,,,Bonjour → chunk-bonjour | je suis → chunk-je-suis | ici → word-ici,,(none on item),"also: L2/s07-sayit-arrive-locate, L6/s03-weave-bonjour-je-suis-ici",,,,,,,,
QA-L02-060,C,L2,s02-meet-bonjour-je-suis-ici,meet-card,ici,here,gloss,"Greet, then locate.",,Highlighted chunk boundary inside the meet sentence,supported,read,word-ici,,,"highlight span of ""Bonjour, je suis ici.""",,(none on item),"also: L2/s00-goal-etre, L2/s00-meet-je-suis-ici, L2/s03-fill-je-suis-blank, L2/s04-weave-je-suis-ici, L2/s05-weave-call-and-respond, L2/s07-sayit-arrive-locate, L2/s08-recap-first-engine, L3/s06-weave-je-ne-suis-pas-ici, L3/s07-weave-ce-n-est-pas-ici, L3/s08-weave-non-je-ne-suis-pas-ici, L3/s09-sayit-not-here, L4/s00-goal-jai, L6/s00-goal-petit-moment, L6/s03-weave-bonjour-je-suis-ici, L6/s07-sayit-step-in, L6/s10-recap-a-small-moment, L8/s00-goal-ou, L8/s03-fill-c-est-blank, L8/s08-meet-c-est-ici, L8/s09-fill-which-side, L8/s05-weave-answer-here, L8/s10-reveal-both-sides, L8/s07-recap-ou",,,,,,,,
QA-L02-061,C,L2,s02-meet-bonjour-je-suis-ici,meet-card,je suis,I am,gloss,"Greet, then locate.",,Highlighted chunk boundary inside the meet sentence,recognition,read,chunk-je-suis,,,"highlight span of ""Bonjour, je suis ici.""",,(none on item),"also: L1/s03-fill-polite-verb, L2/s00-goal-etre, L2/s00-meet-je-suis-ici, L2/s01-insight-je-suis-engine, L2/s03-fill-je-suis-blank, L2/s04-weave-je-suis-ici, L2/s05-weave-call-and-respond, L2/s07-sayit-arrive-locate, L2/s08-recap-first-engine, L3/s01-insight-ne-pas-sandwich, L3/s10-recap-negation, L4/s00-goal-jai, L4/s01-insight-have-for-feelings, L4/s02-fill-have-not-be, L4/s02-fill-have-not-be, L6/s00-goal-petit-moment, L6/s03-weave-bonjour-je-suis-ici, L6/s07-sayit-step-in, L6/s10-recap-a-small-moment, L7/s02-insight-je-vais-frozen, L7/s03-fill-je-vais-blank, L10/s03-fill-engine-chooser, L10/s01-insight-three-engines",,,,,,,,
QA-L02-062,B,L2,s03-fill-je-suis-blank,fill-with-traps,Je suis ici.,(no English gloss presented),none,You want to tell them you have arrived. Which word fits?,,Natural full sentence shown after the choice,model-only,read,chunk-je-suis-ici,,,,,(none on item),"also: L2/s00-meet-je-suis-ici, L2/s01-insight-je-suis-engine, L2/s04-weave-je-suis-ici, L2/s04-weave-je-suis-ici, L2/s06-insight-shape-noticed, L2/s06-insight-shape-noticed, L2/s05-weave-call-and-respond, L2/s05-weave-call-and-respond, L2/s07-sayit-arrive-locate, L2/s07-sayit-arrive-locate, L3/s01-insight-ne-pas-sandwich, L4/s01-insight-have-for-feelings, L4/s03b-fill-where-feel-have, L4/s03b-fill-where-feel-have, L6/s02-fill-right-place, L6/s02-fill-right-place, L6/s03-weave-bonjour-je-suis-ici, L10/s01-insight-three-engines",,,,,,,,
QA-L02-063,C,L2,s03-fill-je-suis-blank,fill-with-traps,bonjour,Hello,gloss,You want to tell them you have arrived. Which word fits?,,Distractor — shown reason: Bonjour is a greeting. It cannot sit between Je and ici.,recognition,choose,chunk-bonjour,,,,,(none on item),"also: L1/s04-weave-cafe-order, L1/s01-insight-survival-kit, L1/s06-weave-cafe-order-please, L1/s08-sayit-cafe-order, L1/s09-recap-survival-kit, L2/s02-meet-bonjour-je-suis-ici, L2/s07-sayit-arrive-locate, L2/s08-recap-first-engine, L3/s02-fill-verb-in-sandwich, L3/s02-fill-verb-in-sandwich, L4/s06-weave-bonjour-j-ai-une-question, L4/s07-sayit-how-you-feel, L4/s08-recap-jai, L6/s00-goal-petit-moment, L6/s01-meet-bonjour-at-the-door, L6/s01-meet-bonjour-at-the-door, L6/s03-weave-bonjour-je-suis-ici, L6/s00-insight-bonjour-to-au-revoir, L6/s00-insight-bonjour-to-au-revoir, L6/s07-sayit-step-in, L6/s10-recap-a-small-moment, L8/s06-sayit-find-the-room, L8/s06-sayit-find-the-room, L8/s07-recap-ou, L10/s09-meet-morning-arrival, L10/s02-weave-arrive-ask-where, L10/s02-weave-arrive-ask-where, L10/s05-weave-close-the-day, L10/s08-recap-full-day",,,,,,,,
QA-L02-064,C,L2,s03-fill-je-suis-blank,fill-with-traps,Je ___ ici.,(no English gloss presented),none,You want to tell them you have arrived. Which word fits?,,The French frame the blank sits in,recognition,read,chunk-je-suis,,,,,(none on item),unique to this screen,,,,,,,,
QA-L02-065,C,L2,s03-fill-je-suis-blank,fill-with-traps,suis,(no English gloss presented),none,You want to tell them you have arrived. Which word fits?,,The option that completes the frame,recognition,choose,chunk-je-suis,,,,,(none on item),"also: L1/s03-fill-polite-verb, L3/s02-fill-verb-in-sandwich, L7/s03-fill-je-vais-blank, L9/s03-fill-faire-blank, L10/s03-fill-engine-chooser",,,,,,,,
QA-L02-066,C,L2,s03-fill-je-suis-blank,fill-with-traps,voudrais,(no English gloss presented),none,You want to tell them you have arrived. Which word fits?,,Distractor — shown reason: You met je voudrais in the last lesson. It asks for something. It does not say where you are.,recognition,choose,chunk-je-suis,,,,,(none on item),"also: L1/s03-fill-polite-verb, L3/s02-fill-verb-in-sandwich, L7/s03-fill-je-vais-blank, L10/s03-fill-engine-chooser",,,,,,,,
QA-L02-067,F,L2,s03-fill-je-suis-blank,fill-with-traps,Bonjour,Hello,gloss,You want to tell them you have arrived. Which word fits?,Bonjour is a greeting. It cannot sit between Je and ici.,French named inside feedback copy,recognition,read,chunk-bonjour,,,,,(none on item),"also: L1/s04-weave-cafe-order, L1/s01-insight-survival-kit, L1/s06-weave-cafe-order-please, L1/s08-sayit-cafe-order, L1/s09-recap-survival-kit, L2/s02-meet-bonjour-je-suis-ici, L2/s07-sayit-arrive-locate, L2/s08-recap-first-engine, L3/s02-fill-verb-in-sandwich, L3/s02-fill-verb-in-sandwich, L4/s06-weave-bonjour-j-ai-une-question, L4/s07-sayit-how-you-feel, L4/s08-recap-jai, L6/s00-goal-petit-moment, L6/s01-meet-bonjour-at-the-door, L6/s01-meet-bonjour-at-the-door, L6/s03-weave-bonjour-je-suis-ici, L6/s00-insight-bonjour-to-au-revoir, L6/s00-insight-bonjour-to-au-revoir, L6/s07-sayit-step-in, L6/s10-recap-a-small-moment, L8/s06-sayit-find-the-room, L8/s06-sayit-find-the-room, L8/s07-recap-ou, L10/s09-meet-morning-arrival, L10/s02-weave-arrive-ask-where, L10/s02-weave-arrive-ask-where, L10/s05-weave-close-the-day, L10/s08-recap-full-day",,,,,,,,
QA-L02-068,F,L2,s03-fill-je-suis-blank,fill-with-traps,ici,here,gloss,You want to tell them you have arrived. Which word fits?,Bonjour is a greeting. It cannot sit between Je and ici.,French named inside feedback copy,recognition,read,word-ici,,,,,(none on item),"also: L2/s00-goal-etre, L2/s00-meet-je-suis-ici, L2/s02-meet-bonjour-je-suis-ici, L2/s04-weave-je-suis-ici, L2/s05-weave-call-and-respond, L2/s07-sayit-arrive-locate, L2/s08-recap-first-engine, L3/s06-weave-je-ne-suis-pas-ici, L3/s07-weave-ce-n-est-pas-ici, L3/s08-weave-non-je-ne-suis-pas-ici, L3/s09-sayit-not-here, L4/s00-goal-jai, L6/s00-goal-petit-moment, L6/s03-weave-bonjour-je-suis-ici, L6/s07-sayit-step-in, L6/s10-recap-a-small-moment, L8/s00-goal-ou, L8/s03-fill-c-est-blank, L8/s08-meet-c-est-ici, L8/s09-fill-which-side, L8/s05-weave-answer-here, L8/s10-reveal-both-sides, L8/s07-recap-ou",,,,,,,,
QA-L02-069,F,L2,s03-fill-je-suis-blank,fill-with-traps,je suis,I am,gloss,You want to tell them you have arrived. Which word fits?,Je suis = I am. That is the shape that names your location.,French named inside feedback copy,recognition,read,chunk-je-suis,,,,,(none on item),"also: L1/s03-fill-polite-verb, L2/s00-goal-etre, L2/s00-meet-je-suis-ici, L2/s01-insight-je-suis-engine, L2/s02-meet-bonjour-je-suis-ici, L2/s04-weave-je-suis-ici, L2/s05-weave-call-and-respond, L2/s07-sayit-arrive-locate, L2/s08-recap-first-engine, L3/s01-insight-ne-pas-sandwich, L3/s10-recap-negation, L4/s00-goal-jai, L4/s01-insight-have-for-feelings, L4/s02-fill-have-not-be, L4/s02-fill-have-not-be, L6/s00-goal-petit-moment, L6/s03-weave-bonjour-je-suis-ici, L6/s07-sayit-step-in, L6/s10-recap-a-small-moment, L7/s02-insight-je-vais-frozen, L7/s03-fill-je-vais-blank, L10/s03-fill-engine-chooser, L10/s01-insight-three-engines",,,,,,,,
QA-L02-070,F,L2,s03-fill-je-suis-blank,fill-with-traps,je voudrais,I would like,gloss,You want to tell them you have arrived. Which word fits?,You met je voudrais in the last lesson. It asks for something. It does not say where you are.,French named inside feedback copy,recognition,read,chunk-je-voudrais,,,,,(none on item),"also: L1/s03-fill-polite-verb, L1/s04-weave-cafe-order, L1/s06-weave-cafe-order-please, L1/s11-weave-the-order, L1/s08-sayit-cafe-order, L1/s09-recap-survival-kit, L3/s02-fill-verb-in-sandwich, L4/s02-fill-have-not-be, L4/s02-fill-have-not-be, L5/s05-weave-je-voudrais-un-cafe, L5/s07-sayit-ask-for-a-coffee, L5/s08-recap-packages, L7/s03-fill-je-vais-blank, L9/s00-goal-pause, L9/s01-meet-faire-une-pause, L9/s03-fill-faire-blank, L9/s02-insight-voudrais-carries-actions, L9/s04-weave-ask-for-a-break, L9/s05-weave-break-politely, L9/s10-insight-what-you-can-ask, L9/s06-sayit-long-afternoon, L9/s07-recap-pause, L10/s03-fill-engine-chooser, L10/s01-insight-three-engines, L10/s04-weave-midday-break, L10/s08-recap-full-day",,,,,,,,
QA-L02-071,A,L2,s04-weave-je-suis-ici,weave,Je suis ici.,I am here.,instruction,Someone called your name. Let them know you've arrived.,,Typed production — supported weave,active-new,type,chunk-je-suis-ici chunk-je-suis,,,,,(none on item),"also: L2/s00-meet-je-suis-ici, L2/s01-insight-je-suis-engine, L2/s03-fill-je-suis-blank, L2/s06-insight-shape-noticed, L2/s06-insight-shape-noticed, L2/s05-weave-call-and-respond, L2/s05-weave-call-and-respond, L2/s07-sayit-arrive-locate, L2/s07-sayit-arrive-locate, L3/s01-insight-ne-pas-sandwich, L4/s01-insight-have-for-feelings, L4/s03b-fill-where-feel-have, L4/s03b-fill-where-feel-have, L6/s02-fill-right-place, L6/s02-fill-right-place, L6/s03-weave-bonjour-je-suis-ici, L10/s01-insight-three-engines",,,,,,,,
QA-L02-072,C,L2,s04-weave-je-suis-ici,weave,ici,here,gloss,Someone called your name. Let them know you've arrived.,,"Support piece shown as ""place word"" (required)",recognition,read,word-ici,,,"piece boundary ""ici"" ↔ registry ""ici""",,(none on item),"also: L2/s00-goal-etre, L2/s00-meet-je-suis-ici, L2/s02-meet-bonjour-je-suis-ici, L2/s03-fill-je-suis-blank, L2/s05-weave-call-and-respond, L2/s07-sayit-arrive-locate, L2/s08-recap-first-engine, L3/s06-weave-je-ne-suis-pas-ici, L3/s07-weave-ce-n-est-pas-ici, L3/s08-weave-non-je-ne-suis-pas-ici, L3/s09-sayit-not-here, L4/s00-goal-jai, L6/s00-goal-petit-moment, L6/s03-weave-bonjour-je-suis-ici, L6/s07-sayit-step-in, L6/s10-recap-a-small-moment, L8/s00-goal-ou, L8/s03-fill-c-est-blank, L8/s08-meet-c-est-ici, L8/s09-fill-which-side, L8/s05-weave-answer-here, L8/s10-reveal-both-sides, L8/s07-recap-ou",,,,,,,,
QA-L02-073,C,L2,s04-weave-je-suis-ici,weave,je suis,I am,gloss,Someone called your name. Let them know you've arrived.,Start with je suis. That is the shape that does the work.,"Support piece shown as ""I am"" (required)",recognition,read,chunk-je-suis,,,"piece boundary ""je suis"" ↔ registry ""je suis""",,(none on item),"fields: payload.suggestedPieces[].text (hint rung 1) ; payload.reveal.ifMissingTargetPiece (inline) || also: L1/s03-fill-polite-verb, L2/s00-goal-etre, L2/s00-meet-je-suis-ici, L2/s01-insight-je-suis-engine, L2/s02-meet-bonjour-je-suis-ici, L2/s03-fill-je-suis-blank, L2/s05-weave-call-and-respond, L2/s07-sayit-arrive-locate, L2/s08-recap-first-engine, L3/s01-insight-ne-pas-sandwich, L3/s10-recap-negation, L4/s00-goal-jai, L4/s01-insight-have-for-feelings, L4/s02-fill-have-not-be, L4/s02-fill-have-not-be, L6/s00-goal-petit-moment, L6/s03-weave-bonjour-je-suis-ici, L6/s07-sayit-step-in, L6/s10-recap-a-small-moment, L7/s02-insight-je-vais-frozen, L7/s03-fill-je-vais-blank, L10/s03-fill-engine-chooser, L10/s01-insight-three-engines",,,,,,,,
QA-L02-074,F,L2,s04-weave-je-suis-ici,weave,je suis ici,I am here,gloss,Someone called your name. Let them know you've arrived.,Your meaning lands. Two words carry it: je suis ici.,French named inside feedback copy,recognition,read,chunk-je-suis-ici,,,,,(none on item),"also: L2/s00-meet-je-suis-ici, L2/s01-insight-je-suis-engine, L2/s03-fill-je-suis-blank, L2/s06-insight-shape-noticed, L2/s06-insight-shape-noticed, L2/s05-weave-call-and-respond, L2/s05-weave-call-and-respond, L2/s07-sayit-arrive-locate, L2/s07-sayit-arrive-locate, L3/s01-insight-ne-pas-sandwich, L4/s01-insight-have-for-feelings, L4/s03b-fill-where-feel-have, L4/s03b-fill-where-feel-have, L6/s02-fill-right-place, L6/s02-fill-right-place, L6/s03-weave-bonjour-je-suis-ici, L10/s01-insight-three-engines",,,,,,,,
QA-L02-075,F,L2,s06-insight-shape-noticed,insight-card,je suis ici,I am here,gloss,Insight card: Notice the shape.,"You just wrote Je suis ici. The moment is about to change; the shape will not. That is what an engine does, and the same shape can say how you are, not just where.",French named inside explanatory copy,recognition,read,chunk-je-suis-ici,,,,,(none on item),"also: L2/s00-meet-je-suis-ici, L2/s01-insight-je-suis-engine, L2/s03-fill-je-suis-blank, L2/s04-weave-je-suis-ici, L2/s04-weave-je-suis-ici, L2/s05-weave-call-and-respond, L2/s05-weave-call-and-respond, L2/s07-sayit-arrive-locate, L2/s07-sayit-arrive-locate, L3/s01-insight-ne-pas-sandwich, L4/s01-insight-have-for-feelings, L4/s03b-fill-where-feel-have, L4/s03b-fill-where-feel-have, L6/s02-fill-right-place, L6/s02-fill-right-place, L6/s03-weave-bonjour-je-suis-ici, L10/s01-insight-three-engines",,,,,,,,
QA-L02-076,F,L2,s06-insight-shape-noticed,insight-card,Je suis ici.,I am here.,gloss,Insight card: Notice the shape.,,"Illustrative example inside ""Notice the shape.""",recognition,read,chunk-je-suis-ici,,,,,(none on item),"also: L2/s00-meet-je-suis-ici, L2/s01-insight-je-suis-engine, L2/s03-fill-je-suis-blank, L2/s04-weave-je-suis-ici, L2/s04-weave-je-suis-ici, L2/s05-weave-call-and-respond, L2/s05-weave-call-and-respond, L2/s07-sayit-arrive-locate, L2/s07-sayit-arrive-locate, L3/s01-insight-ne-pas-sandwich, L4/s01-insight-have-for-feelings, L4/s03b-fill-where-feel-have, L4/s03b-fill-where-feel-have, L6/s02-fill-right-place, L6/s02-fill-right-place, L6/s03-weave-bonjour-je-suis-ici, L10/s01-insight-three-engines",,,,,,,,
QA-L02-077,F,L2,s06-insight-shape-noticed,insight-card,Je suis prêt.,I am ready.,gloss,Insight card: Notice the shape.,,"Illustrative example inside ""Notice the shape.""",recognition,read,chunk-je-suis,,,,,(none on item),unique to this screen,,,,,,,,
QA-L02-078,A,L2,s05-weave-call-and-respond,weave,Je suis ici.,I am here.,instruction,"Someone in the next room calls out, looking for you. Let them know you're here.",,Typed production — supported weave,active-new,type,chunk-je-suis-ici chunk-je-suis,,,,,(none on item),"also: L2/s00-meet-je-suis-ici, L2/s01-insight-je-suis-engine, L2/s03-fill-je-suis-blank, L2/s04-weave-je-suis-ici, L2/s04-weave-je-suis-ici, L2/s06-insight-shape-noticed, L2/s06-insight-shape-noticed, L2/s07-sayit-arrive-locate, L2/s07-sayit-arrive-locate, L3/s01-insight-ne-pas-sandwich, L4/s01-insight-have-for-feelings, L4/s03b-fill-where-feel-have, L4/s03b-fill-where-feel-have, L6/s02-fill-right-place, L6/s02-fill-right-place, L6/s03-weave-bonjour-je-suis-ici, L10/s01-insight-three-engines",,,,,,,,
QA-L02-079,C,L2,s05-weave-call-and-respond,weave,ici,here,gloss,"Someone in the next room calls out, looking for you. Let them know you're here.","The same two words as before: je suis, then ici.","Support piece shown as ""place word"" (required)",recognition,read,word-ici,,,"piece boundary ""ici"" ↔ registry ""ici""",,(none on item),"fields: payload.suggestedPieces[].text (hint rung 1) ; payload.reveal.ifMissingTargetPiece (inline) || also: L2/s00-goal-etre, L2/s00-meet-je-suis-ici, L2/s02-meet-bonjour-je-suis-ici, L2/s03-fill-je-suis-blank, L2/s04-weave-je-suis-ici, L2/s07-sayit-arrive-locate, L2/s08-recap-first-engine, L3/s06-weave-je-ne-suis-pas-ici, L3/s07-weave-ce-n-est-pas-ici, L3/s08-weave-non-je-ne-suis-pas-ici, L3/s09-sayit-not-here, L4/s00-goal-jai, L6/s00-goal-petit-moment, L6/s03-weave-bonjour-je-suis-ici, L6/s07-sayit-step-in, L6/s10-recap-a-small-moment, L8/s00-goal-ou, L8/s03-fill-c-est-blank, L8/s08-meet-c-est-ici, L8/s09-fill-which-side, L8/s05-weave-answer-here, L8/s10-reveal-both-sides, L8/s07-recap-ou",,,,,,,,
QA-L02-080,C,L2,s05-weave-call-and-respond,weave,je suis,I am,gloss,"Someone in the next room calls out, looking for you. Let them know you're here.","The same two words as before: je suis, then ici.","Support piece shown as ""I am"" (required)",recognition,read,chunk-je-suis,,,"piece boundary ""je suis"" ↔ registry ""je suis""",,(none on item),"fields: payload.suggestedPieces[].text (hint rung 1) ; payload.reveal.ifMissingTargetPiece (inline) || also: L1/s03-fill-polite-verb, L2/s00-goal-etre, L2/s00-meet-je-suis-ici, L2/s01-insight-je-suis-engine, L2/s02-meet-bonjour-je-suis-ici, L2/s03-fill-je-suis-blank, L2/s04-weave-je-suis-ici, L2/s07-sayit-arrive-locate, L2/s08-recap-first-engine, L3/s01-insight-ne-pas-sandwich, L3/s10-recap-negation, L4/s00-goal-jai, L4/s01-insight-have-for-feelings, L4/s02-fill-have-not-be, L4/s02-fill-have-not-be, L6/s00-goal-petit-moment, L6/s03-weave-bonjour-je-suis-ici, L6/s07-sayit-step-in, L6/s10-recap-a-small-moment, L7/s02-insight-je-vais-frozen, L7/s03-fill-je-vais-blank, L10/s03-fill-engine-chooser, L10/s01-insight-three-engines",,,,,,,,
QA-L02-081,F,L2,s05-weave-call-and-respond,weave,je suis ici,I am here,gloss,"Someone in the next room calls out, looking for you. Let them know you're here.",Your meaning lands. The same two words answer from anywhere: je suis ici.,French named inside feedback copy,recognition,read,chunk-je-suis-ici,,,,,(none on item),"also: L2/s00-meet-je-suis-ici, L2/s01-insight-je-suis-engine, L2/s03-fill-je-suis-blank, L2/s04-weave-je-suis-ici, L2/s04-weave-je-suis-ici, L2/s06-insight-shape-noticed, L2/s06-insight-shape-noticed, L2/s07-sayit-arrive-locate, L2/s07-sayit-arrive-locate, L3/s01-insight-ne-pas-sandwich, L4/s01-insight-have-for-feelings, L4/s03b-fill-where-feel-have, L4/s03b-fill-where-feel-have, L6/s02-fill-right-place, L6/s02-fill-right-place, L6/s03-weave-bonjour-je-suis-ici, L10/s01-insight-three-engines",,,,,,,,
QA-L02-082,B,L2,s07-sayit-arrive-locate,say-it-your-way,"Bonjour, je suis ici.",Signal you are here.,instruction,You step into a small room. People look up. Let them know you've arrived.,,Model answer for the open task,model-only,read,chunk-je-suis chunk-je-suis-ici,,,,,(none on item),"also: L2/s02-meet-bonjour-je-suis-ici, L6/s03-weave-bonjour-je-suis-ici",,,,,,,,
QA-L02-083,B,L2,s07-sayit-arrive-locate,say-it-your-way,Je suis ici.,Signal you are here.,instruction,You step into a small room. People look up. Let them know you've arrived.,,Alternative natural version shown in the reveal,model-only,read,chunk-je-suis chunk-je-suis-ici,,,,,(none on item),"also: L2/s00-meet-je-suis-ici, L2/s01-insight-je-suis-engine, L2/s03-fill-je-suis-blank, L2/s04-weave-je-suis-ici, L2/s04-weave-je-suis-ici, L2/s06-insight-shape-noticed, L2/s06-insight-shape-noticed, L2/s05-weave-call-and-respond, L2/s05-weave-call-and-respond, L3/s01-insight-ne-pas-sandwich, L4/s01-insight-have-for-feelings, L4/s03b-fill-where-feel-have, L4/s03b-fill-where-feel-have, L6/s02-fill-right-place, L6/s02-fill-right-place, L6/s03-weave-bonjour-je-suis-ici, L10/s01-insight-three-engines",,,,,,,,
QA-L02-084,C,L2,s07-sayit-arrive-locate,say-it-your-way,Bonjour,Hello,gloss,You step into a small room. People look up. Let them know you've arrived.,Both are natural. Bonjour adds a greeting. Je suis ici is enough when the moment is already clear.,Support piece for the open task,recognition,read,chunk-bonjour,,,"piece boundary ""Bonjour"" ↔ registry ""Bonjour""",,(none on item),"fields: payload.suggestedPieces[].text (opt-in support) ; payload.reveal.explanation (inline) || also: L1/s04-weave-cafe-order, L1/s01-insight-survival-kit, L1/s06-weave-cafe-order-please, L1/s08-sayit-cafe-order, L1/s09-recap-survival-kit, L2/s02-meet-bonjour-je-suis-ici, L2/s03-fill-je-suis-blank, L2/s03-fill-je-suis-blank, L2/s08-recap-first-engine, L3/s02-fill-verb-in-sandwich, L3/s02-fill-verb-in-sandwich, L4/s06-weave-bonjour-j-ai-une-question, L4/s07-sayit-how-you-feel, L4/s08-recap-jai, L6/s00-goal-petit-moment, L6/s01-meet-bonjour-at-the-door, L6/s01-meet-bonjour-at-the-door, L6/s03-weave-bonjour-je-suis-ici, L6/s00-insight-bonjour-to-au-revoir, L6/s00-insight-bonjour-to-au-revoir, L6/s07-sayit-step-in, L6/s10-recap-a-small-moment, L8/s06-sayit-find-the-room, L8/s06-sayit-find-the-room, L8/s07-recap-ou, L10/s09-meet-morning-arrival, L10/s02-weave-arrive-ask-where, L10/s02-weave-arrive-ask-where, L10/s05-weave-close-the-day, L10/s08-recap-full-day",,,,,,,,
QA-L02-085,C,L2,s07-sayit-arrive-locate,say-it-your-way,ici,here,gloss,You step into a small room. People look up. Let them know you've arrived.,,Support piece for the open task,recognition,read,word-ici,,,"piece boundary ""ici"" ↔ registry ""ici""",,(none on item),"also: L2/s00-goal-etre, L2/s00-meet-je-suis-ici, L2/s02-meet-bonjour-je-suis-ici, L2/s03-fill-je-suis-blank, L2/s04-weave-je-suis-ici, L2/s05-weave-call-and-respond, L2/s08-recap-first-engine, L3/s06-weave-je-ne-suis-pas-ici, L3/s07-weave-ce-n-est-pas-ici, L3/s08-weave-non-je-ne-suis-pas-ici, L3/s09-sayit-not-here, L4/s00-goal-jai, L6/s00-goal-petit-moment, L6/s03-weave-bonjour-je-suis-ici, L6/s07-sayit-step-in, L6/s10-recap-a-small-moment, L8/s00-goal-ou, L8/s03-fill-c-est-blank, L8/s08-meet-c-est-ici, L8/s09-fill-which-side, L8/s05-weave-answer-here, L8/s10-reveal-both-sides, L8/s07-recap-ou",,,,,,,,
QA-L02-086,C,L2,s07-sayit-arrive-locate,say-it-your-way,je suis,I am,gloss,You step into a small room. People look up. Let them know you've arrived.,,Support piece for the open task,recognition,read,chunk-je-suis,,,"piece boundary ""je suis"" ↔ registry ""je suis""",,(none on item),"also: L1/s03-fill-polite-verb, L2/s00-goal-etre, L2/s00-meet-je-suis-ici, L2/s01-insight-je-suis-engine, L2/s02-meet-bonjour-je-suis-ici, L2/s03-fill-je-suis-blank, L2/s04-weave-je-suis-ici, L2/s05-weave-call-and-respond, L2/s08-recap-first-engine, L3/s01-insight-ne-pas-sandwich, L3/s10-recap-negation, L4/s00-goal-jai, L4/s01-insight-have-for-feelings, L4/s02-fill-have-not-be, L4/s02-fill-have-not-be, L6/s00-goal-petit-moment, L6/s03-weave-bonjour-je-suis-ici, L6/s07-sayit-step-in, L6/s10-recap-a-small-moment, L7/s02-insight-je-vais-frozen, L7/s03-fill-je-vais-blank, L10/s03-fill-engine-chooser, L10/s01-insight-three-engines",,,,,,,,
QA-L02-087,F,L2,s07-sayit-arrive-locate,say-it-your-way,je suis ici,I am here,gloss,You step into a small room. People look up. Let them know you've arrived.,Both are natural. Bonjour adds a greeting. Je suis ici is enough when the moment is already clear.,French named inside explanatory copy,recognition,read,chunk-je-suis-ici,,,,,(none on item),"also: L2/s00-meet-je-suis-ici, L2/s01-insight-je-suis-engine, L2/s03-fill-je-suis-blank, L2/s04-weave-je-suis-ici, L2/s04-weave-je-suis-ici, L2/s06-insight-shape-noticed, L2/s06-insight-shape-noticed, L2/s05-weave-call-and-respond, L2/s05-weave-call-and-respond, L3/s01-insight-ne-pas-sandwich, L4/s01-insight-have-for-feelings, L4/s03b-fill-where-feel-have, L4/s03b-fill-where-feel-have, L6/s02-fill-right-place, L6/s02-fill-right-place, L6/s03-weave-bonjour-je-suis-ici, L10/s01-insight-three-engines",,,,,,,,
QA-L02-088,C,L2,s08-recap-first-engine,recap,Bonjour,Hello,gloss,Recap: You put yourself in the room.,,Chip listed back as a piece the learner used,recycled,read,chunk-bonjour,,,,,(none on item),"also: L1/s04-weave-cafe-order, L1/s01-insight-survival-kit, L1/s06-weave-cafe-order-please, L1/s08-sayit-cafe-order, L1/s09-recap-survival-kit, L2/s02-meet-bonjour-je-suis-ici, L2/s03-fill-je-suis-blank, L2/s03-fill-je-suis-blank, L2/s07-sayit-arrive-locate, L3/s02-fill-verb-in-sandwich, L3/s02-fill-verb-in-sandwich, L4/s06-weave-bonjour-j-ai-une-question, L4/s07-sayit-how-you-feel, L4/s08-recap-jai, L6/s00-goal-petit-moment, L6/s01-meet-bonjour-at-the-door, L6/s01-meet-bonjour-at-the-door, L6/s03-weave-bonjour-je-suis-ici, L6/s00-insight-bonjour-to-au-revoir, L6/s00-insight-bonjour-to-au-revoir, L6/s07-sayit-step-in, L6/s10-recap-a-small-moment, L8/s06-sayit-find-the-room, L8/s06-sayit-find-the-room, L8/s07-recap-ou, L10/s09-meet-morning-arrival, L10/s02-weave-arrive-ask-where, L10/s02-weave-arrive-ask-where, L10/s05-weave-close-the-day, L10/s08-recap-full-day",,,,,,,,
QA-L02-089,C,L2,s08-recap-first-engine,recap,ici,here,gloss,Recap: You put yourself in the room.,,Chip listed back as a piece the learner used,recycled,read,word-ici,,,,,(none on item),"also: L2/s00-goal-etre, L2/s00-meet-je-suis-ici, L2/s02-meet-bonjour-je-suis-ici, L2/s03-fill-je-suis-blank, L2/s04-weave-je-suis-ici, L2/s05-weave-call-and-respond, L2/s07-sayit-arrive-locate, L3/s06-weave-je-ne-suis-pas-ici, L3/s07-weave-ce-n-est-pas-ici, L3/s08-weave-non-je-ne-suis-pas-ici, L3/s09-sayit-not-here, L4/s00-goal-jai, L6/s00-goal-petit-moment, L6/s03-weave-bonjour-je-suis-ici, L6/s07-sayit-step-in, L6/s10-recap-a-small-moment, L8/s00-goal-ou, L8/s03-fill-c-est-blank, L8/s08-meet-c-est-ici, L8/s09-fill-which-side, L8/s05-weave-answer-here, L8/s10-reveal-both-sides, L8/s07-recap-ou",,,,,,,,
QA-L02-090,C,L2,s08-recap-first-engine,recap,je suis,I am,gloss,Recap: You put yourself in the room.,Je suis stayed the same every time. That is the shape you'll use again.,Chip listed back as a piece the learner used,recycled,read,chunk-je-suis,,,,,(none on item),"fields: payload.piecesUsed[0] ; payload.lines[2] (inline) || also: L1/s03-fill-polite-verb, L2/s00-goal-etre, L2/s00-meet-je-suis-ici, L2/s01-insight-je-suis-engine, L2/s02-meet-bonjour-je-suis-ici, L2/s03-fill-je-suis-blank, L2/s04-weave-je-suis-ici, L2/s05-weave-call-and-respond, L2/s07-sayit-arrive-locate, L3/s01-insight-ne-pas-sandwich, L3/s10-recap-negation, L4/s00-goal-jai, L4/s01-insight-have-for-feelings, L4/s02-fill-have-not-be, L4/s02-fill-have-not-be, L6/s00-goal-petit-moment, L6/s03-weave-bonjour-je-suis-ici, L6/s07-sayit-step-in, L6/s10-recap-a-small-moment, L7/s02-insight-je-vais-frozen, L7/s03-fill-je-vais-blank, L10/s03-fill-engine-chooser, L10/s01-insight-three-engines",,,,,,,,
QA-L03-091,F,L3,s00-goal-non,insight-card,non merci,no thank you,gloss,Insight card: Saying no,"Today: how to say no, and how to make a sentence negative. By the end: you can turn a sentence around with ne ... pas. Main pieces: non, ne ... pas, non merci.",French named inside explanatory copy,recognition,read,chunk-non-merci,,,,,(none on item),"also: L3/s04-insight-oui-non, L3/s04-insight-oui-non, L3/s05-fill-refuse-politely, L3/s05-fill-refuse-politely, L3/s05-fill-refuse-politely, L3/s10-recap-negation, L6/s04-fill-decline-offer, L6/s04-fill-decline-offer",,,,,,,,
QA-L03-092,C,L3,s00-meet-je-ne-suis-pas-ici,meet-card,je ne suis pas,I am not,gloss,"The same shape, turned negative.",,Highlighted chunk boundary inside the meet sentence,recognition,read,chunk-je-ne-suis-pas,,,"highlight span of ""Je ne suis pas ici.""",,(none on item),"also: L3/s01-insight-ne-pas-sandwich, L3/s02-fill-verb-in-sandwich, L3/s06-weave-je-ne-suis-pas-ici, L3/s08-weave-non-je-ne-suis-pas-ici, L3/s09-sayit-not-here, L3/s10-recap-negation",,,,,,,,
QA-L03-093,C,L3,s00-meet-je-ne-suis-pas-ici,meet-card,Je ne suis pas ici.,I am not here.,gloss,"The same shape, turned negative.",,"First contact / re-contact: The same shape, turned negative.",active-new,listen,chunk-je-ne-suis-pas chunk-je-suis,,,je ne suis pas → chunk-je-ne-suis-pas,,(none on item),"also: L3/s01-insight-ne-pas-sandwich, L3/s02-fill-verb-in-sandwich, L3/s06-weave-je-ne-suis-pas-ici, L3/s09-sayit-not-here, L6/s02-fill-right-place",,,,,,,,
QA-L03-094,F,L3,s01-insight-ne-pas-sandwich,insight-card,C'est ici.,It is here.,gloss,"Insight card: Two pieces, one on each side.",,"Illustrative example inside ""Two pieces, one on each side.""",recognition,read,chunk-c-est word-ici,,,,,(none on item),"also: L8/s08-meet-c-est-ici, L8/s09-fill-which-side, L8/s05-weave-answer-here",,,,,,,,
QA-L03-095,F,L3,s01-insight-ne-pas-sandwich,insight-card,Ce n'est pas ici.,It is not here.,gloss,"Insight card: Two pieces, one on each side.",,"Illustrative example inside ""Two pieces, one on each side.""",recognition,read,chunk-ce-n-est-pas word-ici,,,,,(none on item),"also: L3/s03-meet-ce-n-est-pas-ici, L3/s07-weave-ce-n-est-pas-ici",,,,,,,,
QA-L03-096,F,L3,s01-insight-ne-pas-sandwich,insight-card,je ne suis pas,I am not,gloss,"Insight card: Two pieces, one on each side.","To make a sentence negative, French wraps the action. ne goes in front, pas goes after, and the verb sits between them. Je suis becomes je ne suis pas. Two pieces, one on each side.",French named inside explanatory copy,recognition,read,chunk-je-ne-suis-pas,,,,,(none on item),"also: L3/s00-meet-je-ne-suis-pas-ici, L3/s02-fill-verb-in-sandwich, L3/s06-weave-je-ne-suis-pas-ici, L3/s08-weave-non-je-ne-suis-pas-ici, L3/s09-sayit-not-here, L3/s10-recap-negation",,,,,,,,
QA-L03-097,F,L3,s01-insight-ne-pas-sandwich,insight-card,Je ne suis pas ici.,I am not here.,gloss,"Insight card: Two pieces, one on each side.",,"Illustrative example inside ""Two pieces, one on each side.""",recognition,read,chunk-je-ne-suis-pas word-ici,,,,,(none on item),"also: L3/s00-meet-je-ne-suis-pas-ici, L3/s02-fill-verb-in-sandwich, L3/s06-weave-je-ne-suis-pas-ici, L3/s09-sayit-not-here, L6/s02-fill-right-place",,,,,,,,
QA-L03-098,F,L3,s01-insight-ne-pas-sandwich,insight-card,je suis,I am,gloss,"Insight card: Two pieces, one on each side.","To make a sentence negative, French wraps the action. ne goes in front, pas goes after, and the verb sits between them. Je suis becomes je ne suis pas. Two pieces, one on each side.",French named inside explanatory copy,recognition,read,chunk-je-suis,,,,,(none on item),"also: L1/s03-fill-polite-verb, L2/s00-goal-etre, L2/s00-meet-je-suis-ici, L2/s01-insight-je-suis-engine, L2/s02-meet-bonjour-je-suis-ici, L2/s03-fill-je-suis-blank, L2/s04-weave-je-suis-ici, L2/s05-weave-call-and-respond, L2/s07-sayit-arrive-locate, L2/s08-recap-first-engine, L3/s10-recap-negation, L4/s00-goal-jai, L4/s01-insight-have-for-feelings, L4/s02-fill-have-not-be, L4/s02-fill-have-not-be, L6/s00-goal-petit-moment, L6/s03-weave-bonjour-je-suis-ici, L6/s07-sayit-step-in, L6/s10-recap-a-small-moment, L7/s02-insight-je-vais-frozen, L7/s03-fill-je-vais-blank, L10/s03-fill-engine-chooser, L10/s01-insight-three-engines",,,,,,,,
QA-L03-099,F,L3,s01-insight-ne-pas-sandwich,insight-card,Je suis ici.,I am here.,gloss,"Insight card: Two pieces, one on each side.",,"Illustrative example inside ""Two pieces, one on each side.""",recognition,read,chunk-je-suis-ici,,,,,(none on item),"also: L2/s00-meet-je-suis-ici, L2/s01-insight-je-suis-engine, L2/s03-fill-je-suis-blank, L2/s04-weave-je-suis-ici, L2/s04-weave-je-suis-ici, L2/s06-insight-shape-noticed, L2/s06-insight-shape-noticed, L2/s05-weave-call-and-respond, L2/s05-weave-call-and-respond, L2/s07-sayit-arrive-locate, L2/s07-sayit-arrive-locate, L4/s01-insight-have-for-feelings, L4/s03b-fill-where-feel-have, L4/s03b-fill-where-feel-have, L6/s02-fill-right-place, L6/s02-fill-right-place, L6/s03-weave-bonjour-je-suis-ici, L10/s01-insight-three-engines",,,,,,,,
QA-L03-100,B,L3,s02-fill-verb-in-sandwich,fill-with-traps,Je ne suis pas ici.,(no English gloss presented),none,You want to say you are not there. Which word sits between the two pieces?,,Natural full sentence shown after the choice,model-only,read,chunk-je-ne-suis-pas word-ici,,,,,(none on item),"also: L3/s00-meet-je-ne-suis-pas-ici, L3/s01-insight-ne-pas-sandwich, L3/s06-weave-je-ne-suis-pas-ici, L3/s09-sayit-not-here, L6/s02-fill-right-place",,,,,,,,
QA-L03-101,C,L3,s02-fill-verb-in-sandwich,fill-with-traps,bonjour,Hello,gloss,You want to say you are not there. Which word sits between the two pieces?,,Distractor — shown reason: Bonjour is a greeting. It cannot sit between ne and pas.,recognition,choose,chunk-bonjour,,,,,(none on item),"also: L1/s04-weave-cafe-order, L1/s01-insight-survival-kit, L1/s06-weave-cafe-order-please, L1/s08-sayit-cafe-order, L1/s09-recap-survival-kit, L2/s02-meet-bonjour-je-suis-ici, L2/s03-fill-je-suis-blank, L2/s03-fill-je-suis-blank, L2/s07-sayit-arrive-locate, L2/s08-recap-first-engine, L4/s06-weave-bonjour-j-ai-une-question, L4/s07-sayit-how-you-feel, L4/s08-recap-jai, L6/s00-goal-petit-moment, L6/s01-meet-bonjour-at-the-door, L6/s01-meet-bonjour-at-the-door, L6/s03-weave-bonjour-je-suis-ici, L6/s00-insight-bonjour-to-au-revoir, L6/s00-insight-bonjour-to-au-revoir, L6/s07-sayit-step-in, L6/s10-recap-a-small-moment, L8/s06-sayit-find-the-room, L8/s06-sayit-find-the-room, L8/s07-recap-ou, L10/s09-meet-morning-arrival, L10/s02-weave-arrive-ask-where, L10/s02-weave-arrive-ask-where, L10/s05-weave-close-the-day, L10/s08-recap-full-day",,,,,,,,
QA-L03-102,C,L3,s02-fill-verb-in-sandwich,fill-with-traps,Je ne ___ pas ici.,(no English gloss presented),none,You want to say you are not there. Which word sits between the two pieces?,,The French frame the blank sits in,recognition,read,chunk-je-ne-suis-pas,,,,,(none on item),unique to this screen,,,,,,,,
QA-L03-103,C,L3,s02-fill-verb-in-sandwich,fill-with-traps,suis,(no English gloss presented),none,You want to say you are not there. Which word sits between the two pieces?,,The option that completes the frame,recognition,choose,chunk-je-ne-suis-pas,,,,,(none on item),"also: L1/s03-fill-polite-verb, L2/s03-fill-je-suis-blank, L7/s03-fill-je-vais-blank, L9/s03-fill-faire-blank, L10/s03-fill-engine-chooser",,,,,,,,
QA-L03-104,C,L3,s02-fill-verb-in-sandwich,fill-with-traps,voudrais,(no English gloss presented),none,You want to say you are not there. Which word sits between the two pieces?,,"Distractor — shown reason: Je voudrais asks for something. Here you are saying where you are not, so the verb is suis.",recognition,choose,chunk-je-ne-suis-pas,,,,,(none on item),"also: L1/s03-fill-polite-verb, L2/s03-fill-je-suis-blank, L7/s03-fill-je-vais-blank, L10/s03-fill-engine-chooser",,,,,,,,
QA-L03-105,F,L3,s02-fill-verb-in-sandwich,fill-with-traps,Bonjour,Hello,gloss,You want to say you are not there. Which word sits between the two pieces?,Bonjour is a greeting. It cannot sit between ne and pas.,French named inside feedback copy,recognition,read,chunk-bonjour,,,,,(none on item),"also: L1/s04-weave-cafe-order, L1/s01-insight-survival-kit, L1/s06-weave-cafe-order-please, L1/s08-sayit-cafe-order, L1/s09-recap-survival-kit, L2/s02-meet-bonjour-je-suis-ici, L2/s03-fill-je-suis-blank, L2/s03-fill-je-suis-blank, L2/s07-sayit-arrive-locate, L2/s08-recap-first-engine, L4/s06-weave-bonjour-j-ai-une-question, L4/s07-sayit-how-you-feel, L4/s08-recap-jai, L6/s00-goal-petit-moment, L6/s01-meet-bonjour-at-the-door, L6/s01-meet-bonjour-at-the-door, L6/s03-weave-bonjour-je-suis-ici, L6/s00-insight-bonjour-to-au-revoir, L6/s00-insight-bonjour-to-au-revoir, L6/s07-sayit-step-in, L6/s10-recap-a-small-moment, L8/s06-sayit-find-the-room, L8/s06-sayit-find-the-room, L8/s07-recap-ou, L10/s09-meet-morning-arrival, L10/s02-weave-arrive-ask-where, L10/s02-weave-arrive-ask-where, L10/s05-weave-close-the-day, L10/s08-recap-full-day",,,,,,,,
QA-L03-106,F,L3,s02-fill-verb-in-sandwich,fill-with-traps,je ne suis pas,I am not,gloss,You want to say you are not there. Which word sits between the two pieces?,The verb goes between the two pieces: je ne suis pas.,French named inside feedback copy,recognition,read,chunk-je-ne-suis-pas,,,,,(none on item),"also: L3/s00-meet-je-ne-suis-pas-ici, L3/s01-insight-ne-pas-sandwich, L3/s06-weave-je-ne-suis-pas-ici, L3/s08-weave-non-je-ne-suis-pas-ici, L3/s09-sayit-not-here, L3/s10-recap-negation",,,,,,,,
QA-L03-107,F,L3,s02-fill-verb-in-sandwich,fill-with-traps,je voudrais,I would like,gloss,You want to say you are not there. Which word sits between the two pieces?,"Je voudrais asks for something. Here you are saying where you are not, so the verb is suis.",French named inside feedback copy,recognition,read,chunk-je-voudrais,,,,,(none on item),"also: L1/s03-fill-polite-verb, L1/s04-weave-cafe-order, L1/s06-weave-cafe-order-please, L1/s11-weave-the-order, L1/s08-sayit-cafe-order, L1/s09-recap-survival-kit, L2/s03-fill-je-suis-blank, L4/s02-fill-have-not-be, L4/s02-fill-have-not-be, L5/s05-weave-je-voudrais-un-cafe, L5/s07-sayit-ask-for-a-coffee, L5/s08-recap-packages, L7/s03-fill-je-vais-blank, L9/s00-goal-pause, L9/s01-meet-faire-une-pause, L9/s03-fill-faire-blank, L9/s02-insight-voudrais-carries-actions, L9/s04-weave-ask-for-a-break, L9/s05-weave-break-politely, L9/s10-insight-what-you-can-ask, L9/s06-sayit-long-afternoon, L9/s07-recap-pause, L10/s03-fill-engine-chooser, L10/s01-insight-three-engines, L10/s04-weave-midday-break, L10/s08-recap-full-day",,,,,,,,
QA-L03-108,F,L3,s04-insight-oui-non,insight-card,non,no,gloss,Insight card: Oui and non.,Oui and non.,French named inside explanatory copy,recognition,read,chunk-non,,,,,(none on item),"also: L3/s05-fill-refuse-politely, L3/s08-weave-non-je-ne-suis-pas-ici, L3/s08-weave-non-je-ne-suis-pas-ici, L3/s09-sayit-not-here, L3/s09-sayit-not-here, L3/s10-recap-negation, L6/s04-fill-decline-offer",,,,,,,,
QA-L03-109,F,L3,s04-insight-oui-non,insight-card,non merci,no thank you,gloss,Insight card: Oui and non.,Oui opens the door: yes. Non closes it: no. They are the fastest answers in French. Non also begins a polite refusal: non merci.,French named inside explanatory copy,recognition,read,chunk-non-merci,,,,,(none on item),"also: L3/s00-goal-non, L3/s05-fill-refuse-politely, L3/s05-fill-refuse-politely, L3/s05-fill-refuse-politely, L3/s10-recap-negation, L6/s04-fill-decline-offer, L6/s04-fill-decline-offer",,,,,,,,
QA-L03-110,F,L3,s04-insight-oui-non,insight-card,"Non, merci.","No, thank you.",gloss,Insight card: Oui and non.,,"Illustrative example inside ""Oui and non.""",recognition,read,chunk-merci chunk-non,,,,,(none on item),"also: L3/s00-goal-non, L3/s05-fill-refuse-politely, L3/s05-fill-refuse-politely, L3/s05-fill-refuse-politely, L3/s10-recap-negation, L6/s04-fill-decline-offer, L6/s04-fill-decline-offer",,,,,,,,
QA-L03-111,F,L3,s04-insight-oui-non,insight-card,oui,yes,gloss,Insight card: Oui and non.,Oui and non. ⏐ Oui opens the door: yes. Non closes it: no. They are the fastest answers in French. Non also begins a polite refusal: non merci.,French named inside explanatory copy,recognition,read,chunk-oui,,,,,(none on item),"fields: payload.title (inline) ; payload.body (inline) || also: L3/s05-fill-refuse-politely, L8/s03-fill-c-est-blank, L8/s09-fill-which-side",,,,,,,,
QA-L03-112,F,L3,s04-insight-oui-non,insight-card,Oui.,Yes.,gloss,Insight card: Oui and non.,,"Illustrative example inside ""Oui and non.""",recognition,read,chunk-oui,,,,,(none on item),"also: L3/s05-fill-refuse-politely, L8/s03-fill-c-est-blank, L8/s09-fill-which-side",,,,,,,,
QA-L03-113,B,L3,s05-fill-refuse-politely,fill-with-traps,Non merci.,(no English gloss presented),none,Someone offers you something you don't want. Refuse politely.,,Natural full sentence shown after the choice,model-only,read,chunk-non-merci,,,,,(none on item),"also: L3/s00-goal-non, L3/s04-insight-oui-non, L3/s04-insight-oui-non, L3/s10-recap-negation, L6/s04-fill-decline-offer, L6/s04-fill-decline-offer",,,,,,,,
QA-L03-114,C,L3,s05-fill-refuse-politely,fill-with-traps,Merci,thank you,gloss,Someone offers you something you don't want. Refuse politely.,,Distractor — shown reason: Merci alone can sound like yes please. Non merci makes the refusal clear.,recognition,choose,chunk-merci,sent:l01-merci,,,,founder_waived_provisional,"also: L1/s00-goal-survival-kit, L1/s01-insight-survival-kit, L1/s07-meet-merci, L1/s07-meet-merci, L1/s10-weave-merci-thanks, L1/s10-weave-merci-thanks, L1/s10-weave-merci-thanks, L1/s08-sayit-cafe-order, L1/s09-recap-survival-kit, L6/s00-goal-petit-moment, L6/s04-fill-decline-offer, L6/s04-fill-decline-offer, L6/s08-weave-close-open, L6/s10-recap-a-small-moment, L7/s06-sayit-take-your-leave, L7/s07-recap-heading-home, L9/s08-fill-softener, L10/s07-sayit-take-your-leave",,,,,,,,
QA-L03-115,C,L3,s05-fill-refuse-politely,fill-with-traps,Non merci,no thank you,gloss,Someone offers you something you don't want. Refuse politely.,,The option that completes the frame,recognition,choose,chunk-non-merci,,,,,(none on item),"also: L3/s00-goal-non, L3/s04-insight-oui-non, L3/s04-insight-oui-non, L3/s10-recap-negation, L6/s04-fill-decline-offer, L6/s04-fill-decline-offer",,,,,,,,
QA-L03-116,C,L3,s05-fill-refuse-politely,fill-with-traps,Oui merci,(no English gloss presented),none,Someone offers you something you don't want. Refuse politely.,,"Distractor — shown reason: Oui accepts the offer. To refuse, start with non.",recognition,choose,chunk-non-merci chunk-non,,,,,(none on item),unique to this screen,,,,,,,,
QA-L03-117,F,L3,s05-fill-refuse-politely,fill-with-traps,non,no,gloss,Someone offers you something you don't want. Refuse politely.,"Oui accepts the offer. To refuse, start with non.",French named inside feedback copy,recognition,read,chunk-non,,,,,(none on item),"also: L3/s04-insight-oui-non, L3/s08-weave-non-je-ne-suis-pas-ici, L3/s08-weave-non-je-ne-suis-pas-ici, L3/s09-sayit-not-here, L3/s09-sayit-not-here, L3/s10-recap-negation, L6/s04-fill-decline-offer",,,,,,,,
QA-L03-118,F,L3,s05-fill-refuse-politely,fill-with-traps,non merci,no thank you,gloss,Someone offers you something you don't want. Refuse politely.,"Non merci is a soft, complete refusal. It says no without sounding sharp. ⏐ Merci alone can sound like yes please. Non merci makes the refusal clear.",French named inside feedback copy,recognition,read,chunk-non-merci,,,,,(none on item),"fields: payload.reveal.explanation (inline) ; payload.options[opt-merci].trapReason (inline) || also: L3/s00-goal-non, L3/s04-insight-oui-non, L3/s04-insight-oui-non, L3/s10-recap-negation, L6/s04-fill-decline-offer, L6/s04-fill-decline-offer",,,,,,,,
QA-L03-119,F,L3,s05-fill-refuse-politely,fill-with-traps,oui,yes,gloss,Someone offers you something you don't want. Refuse politely.,"Oui accepts the offer. To refuse, start with non.",French named inside feedback copy,recognition,read,chunk-oui,,,,,(none on item),"also: L3/s04-insight-oui-non, L3/s04-insight-oui-non, L8/s03-fill-c-est-blank, L8/s09-fill-which-side",,,,,,,,
QA-L03-120,A,L3,s06-weave-je-ne-suis-pas-ici,weave,Je ne suis pas ici.,I am not here.,instruction,Someone is looking for you in the wrong room. Tell them you are not there.,,Typed production — mid weave,active-new,type,chunk-je-ne-suis-pas chunk-je-suis,,,,,(none on item),"also: L3/s00-meet-je-ne-suis-pas-ici, L3/s01-insight-ne-pas-sandwich, L3/s02-fill-verb-in-sandwich, L3/s09-sayit-not-here, L6/s02-fill-right-place",,,,,,,,
QA-L03-121,C,L3,s06-weave-je-ne-suis-pas-ici,weave,ici,here,gloss,Someone is looking for you in the wrong room. Tell them you are not there.,,"Support piece shown as ""place word"" (required)",recognition,read,word-ici,,,"piece boundary ""ici"" ↔ registry ""ici""",,(none on item),"also: L2/s00-goal-etre, L2/s00-meet-je-suis-ici, L2/s02-meet-bonjour-je-suis-ici, L2/s03-fill-je-suis-blank, L2/s04-weave-je-suis-ici, L2/s05-weave-call-and-respond, L2/s07-sayit-arrive-locate, L2/s08-recap-first-engine, L3/s07-weave-ce-n-est-pas-ici, L3/s08-weave-non-je-ne-suis-pas-ici, L3/s09-sayit-not-here, L4/s00-goal-jai, L6/s00-goal-petit-moment, L6/s03-weave-bonjour-je-suis-ici, L6/s07-sayit-step-in, L6/s10-recap-a-small-moment, L8/s00-goal-ou, L8/s03-fill-c-est-blank, L8/s08-meet-c-est-ici, L8/s09-fill-which-side, L8/s05-weave-answer-here, L8/s10-reveal-both-sides, L8/s07-recap-ou",,,,,,,,
QA-L03-122,C,L3,s06-weave-je-ne-suis-pas-ici,weave,je ne suis pas,I am not,gloss,Someone is looking for you in the wrong room. Tell them you are not there.,,"Support piece shown as ""negative frame"" (required)",recognition,read,chunk-je-ne-suis-pas,,,"piece boundary ""je ne suis pas"" ↔ registry ""je ne suis pas""",,(none on item),"also: L3/s00-meet-je-ne-suis-pas-ici, L3/s01-insight-ne-pas-sandwich, L3/s02-fill-verb-in-sandwich, L3/s08-weave-non-je-ne-suis-pas-ici, L3/s09-sayit-not-here, L3/s10-recap-negation",,,,,,,,
QA-L03-123,C,L3,s03-meet-ce-n-est-pas-ici,meet-card,ce n'est pas,it is not / that is not,gloss,The same two pieces work on c'est.,,Highlighted chunk boundary inside the meet sentence,recognition,read,chunk-ce-n-est-pas,,,"highlight span of ""Ce n'est pas ici.""",,(none on item),"also: L3/s07-weave-ce-n-est-pas-ici, L3/s10-recap-negation",,,,,,,,
QA-L03-124,C,L3,s03-meet-ce-n-est-pas-ici,meet-card,Ce n'est pas ici.,It is not here.,gloss,The same two pieces work on c'est.,,First contact / re-contact: The same two pieces work on c'est.,active-new,listen,chunk-ce-n-est-pas chunk-c-est,,,ce n'est pas → chunk-ce-n-est-pas,,(none on item),"also: L3/s01-insight-ne-pas-sandwich, L3/s07-weave-ce-n-est-pas-ici",,,,,,,,
QA-L03-125,A,L3,s07-weave-ce-n-est-pas-ici,weave,Ce n'est pas ici.,It is not here.,instruction,Someone points to the wrong place. Tell them it is not the spot.,,Typed production — mid weave,active-new,type,chunk-ce-n-est-pas chunk-c-est,,,,Ce n est pas ici. | Ce n est pas ici,(none on item),"also: L3/s01-insight-ne-pas-sandwich, L3/s03-meet-ce-n-est-pas-ici",,,,,,,,
QA-L03-126,E,L3,s07-weave-ce-n-est-pas-ici,weave,Ce n est pas ici,It is not here.,instruction,Someone points to the wrong place. Tell them it is not the spot.,,"Accepted instead of ""Ce n'est pas ici.""",accepted-alternative,type,chunk-ce-n-est-pas chunk-c-est,,,,,(none on item),unique to this screen,,,,,,,,
QA-L03-127,E,L3,s07-weave-ce-n-est-pas-ici,weave,Ce n est pas ici.,It is not here.,instruction,Someone points to the wrong place. Tell them it is not the spot.,,"Accepted instead of ""Ce n'est pas ici.""",accepted-alternative,type,chunk-ce-n-est-pas chunk-c-est,,,,,(none on item),unique to this screen,,,,,,,,
QA-L03-128,C,L3,s07-weave-ce-n-est-pas-ici,weave,ce n'est pas,it is not / that is not,gloss,Someone points to the wrong place. Tell them it is not the spot.,"Same two pieces, new sentence: ce n'est pas. ⏐ Your meaning lands. The negative wraps c'est the same way: ce n'est pas. ⏐ Use the whole piece: ce n'est pas.","Support piece shown as ""negative frame"" (required)",recognition,read,chunk-ce-n-est-pas,,,"piece boundary ""ce n'est pas"" ↔ registry ""ce n'est pas""",,(none on item),"fields: payload.suggestedPieces[].text (hint rung 1) ; payload.reveal.ifCorrect (inline) ; payload.reveal.ifUnderstandableButWrong (inline) ; payload.reveal.ifMissingTargetPiece (inline) || also: L3/s03-meet-ce-n-est-pas-ici, L3/s10-recap-negation",,,,,,,,
QA-L03-129,C,L3,s07-weave-ce-n-est-pas-ici,weave,ici,here,gloss,Someone points to the wrong place. Tell them it is not the spot.,,"Support piece shown as ""place word"" (required)",recognition,read,word-ici,,,"piece boundary ""ici"" ↔ registry ""ici""",,(none on item),"also: L2/s00-goal-etre, L2/s00-meet-je-suis-ici, L2/s02-meet-bonjour-je-suis-ici, L2/s03-fill-je-suis-blank, L2/s04-weave-je-suis-ici, L2/s05-weave-call-and-respond, L2/s07-sayit-arrive-locate, L2/s08-recap-first-engine, L3/s06-weave-je-ne-suis-pas-ici, L3/s08-weave-non-je-ne-suis-pas-ici, L3/s09-sayit-not-here, L4/s00-goal-jai, L6/s00-goal-petit-moment, L6/s03-weave-bonjour-je-suis-ici, L6/s07-sayit-step-in, L6/s10-recap-a-small-moment, L8/s00-goal-ou, L8/s03-fill-c-est-blank, L8/s08-meet-c-est-ici, L8/s09-fill-which-side, L8/s05-weave-answer-here, L8/s10-reveal-both-sides, L8/s07-recap-ou",,,,,,,,
QA-L03-130,F,L3,s07-weave-ce-n-est-pas-ici,weave,c'est,it is / that is,gloss,Someone points to the wrong place. Tell them it is not the spot.,Your meaning lands. The negative wraps c'est the same way: ce n'est pas.,French named inside feedback copy,recognition,read,chunk-c-est,,,,,(none on item),"also: L3/s10-recap-negation, L8/s01-meet-c-est-ou, L8/s03-fill-c-est-blank, L8/s04-weave-ask-where, L8/s08-meet-c-est-ici, L8/s05-weave-answer-here, L8/s06-sayit-find-the-room, L8/s07-recap-ou, L10/s00-goal-integration, L10/s09-meet-morning-arrival, L10/s02-weave-arrive-ask-where, L10/s08-recap-full-day",,,,,,,,
QA-L03-131,A,L3,s08-weave-non-je-ne-suis-pas-ici,weave,"Non, je ne suis pas ici.","No, I am not here.",instruction,"Answer first, then say where you are not.",,Typed production — mid weave,active-new,type,chunk-non chunk-je-ne-suis-pas,,,,,(none on item),also: L3/s09-sayit-not-here,,,,,,,,
QA-L03-132,C,L3,s08-weave-non-je-ne-suis-pas-ici,weave,ici,here,gloss,"Answer first, then say where you are not.","Your meaning lands. The answer comes first, then the sentence: Non, je ne suis pas ici. ⏐ Start with Non, then je ne suis pas ici.","Support piece shown as ""place word"" (required)",recognition,read,word-ici,,,"piece boundary ""ici"" ↔ registry ""ici""",,(none on item),"fields: payload.suggestedPieces[].text (hint rung 1) ; payload.reveal.ifUnderstandableButWrong (inline) ; payload.reveal.ifMissingTargetPiece (inline) || also: L2/s00-goal-etre, L2/s00-meet-je-suis-ici, L2/s02-meet-bonjour-je-suis-ici, L2/s03-fill-je-suis-blank, L2/s04-weave-je-suis-ici, L2/s05-weave-call-and-respond, L2/s07-sayit-arrive-locate, L2/s08-recap-first-engine, L3/s06-weave-je-ne-suis-pas-ici, L3/s07-weave-ce-n-est-pas-ici, L3/s09-sayit-not-here, L4/s00-goal-jai, L6/s00-goal-petit-moment, L6/s03-weave-bonjour-je-suis-ici, L6/s07-sayit-step-in, L6/s10-recap-a-small-moment, L8/s00-goal-ou, L8/s03-fill-c-est-blank, L8/s08-meet-c-est-ici, L8/s09-fill-which-side, L8/s05-weave-answer-here, L8/s10-reveal-both-sides, L8/s07-recap-ou",,,,,,,,
QA-L03-133,C,L3,s08-weave-non-je-ne-suis-pas-ici,weave,je ne suis pas,I am not,gloss,"Answer first, then say where you are not.","Your meaning lands. The answer comes first, then the sentence: Non, je ne suis pas ici. ⏐ Start with Non, then je ne suis pas ici.","Support piece shown as ""negative frame"" (required)",recognition,read,chunk-je-ne-suis-pas,,,"piece boundary ""je ne suis pas"" ↔ registry ""je ne suis pas""",,(none on item),"fields: payload.suggestedPieces[].text (hint rung 1) ; payload.reveal.ifUnderstandableButWrong (inline) ; payload.reveal.ifMissingTargetPiece (inline) || also: L3/s00-meet-je-ne-suis-pas-ici, L3/s01-insight-ne-pas-sandwich, L3/s02-fill-verb-in-sandwich, L3/s06-weave-je-ne-suis-pas-ici, L3/s09-sayit-not-here, L3/s10-recap-negation",,,,,,,,
QA-L03-134,C,L3,s08-weave-non-je-ne-suis-pas-ici,weave,Non,no,gloss,"Answer first, then say where you are not.",,"Support piece shown as ""no"" (required)",recognition,read,chunk-non,,,"piece boundary ""Non"" ↔ registry ""non""",,(none on item),"also: L3/s04-insight-oui-non, L3/s05-fill-refuse-politely, L3/s09-sayit-not-here, L3/s09-sayit-not-here, L3/s10-recap-negation, L6/s04-fill-decline-offer",,,,,,,,
QA-L03-135,C,L3,s08-weave-non-je-ne-suis-pas-ici,weave,"Non, je ne suis pas ___.","No, I am not here.",instruction,"Answer first, then say where you are not.",,Second hint rung — a shape to fill in,recognition,read,chunk-non chunk-je-ne-suis-pas,,,,,(none on item),unique to this screen,,,,,,,,
QA-L03-136,F,L3,s08-weave-non-je-ne-suis-pas-ici,weave,non,no,gloss,"Answer first, then say where you are not.","Right. Non answers; ne and pas carry the rest. ⏐ Your meaning lands. The answer comes first, then the sentence: Non, je ne suis pas ici. ⏐ Start with Non, then je ne suis pas ici.",French named inside feedback copy,recognition,read,chunk-non,,,,,(none on item),"fields: payload.reveal.ifCorrectButFlat (inline) ; payload.reveal.ifUnderstandableButWrong (inline) ; payload.reveal.ifMissingTargetPiece (inline) || also: L3/s04-insight-oui-non, L3/s05-fill-refuse-politely, L3/s09-sayit-not-here, L3/s09-sayit-not-here, L3/s10-recap-negation, L6/s04-fill-decline-offer",,,,,,,,
QA-L03-137,B,L3,s09-sayit-not-here,say-it-your-way,Je ne suis pas ici.,Say no and state where you are not.,instruction,You are at the wrong place. Someone is expecting you somewhere else. Say that you are not here.,,Alternative natural version shown in the reveal,model-only,read,chunk-non chunk-je-ne-suis-pas chunk-non-merci,,,,,(none on item),"also: L3/s00-meet-je-ne-suis-pas-ici, L3/s01-insight-ne-pas-sandwich, L3/s02-fill-verb-in-sandwich, L3/s06-weave-je-ne-suis-pas-ici, L6/s02-fill-right-place",,,,,,,,
QA-L03-138,B,L3,s09-sayit-not-here,say-it-your-way,"Non, je ne suis pas ici.",Say no and state where you are not.,instruction,You are at the wrong place. Someone is expecting you somewhere else. Say that you are not here.,,Model answer for the open task,model-only,read,chunk-non chunk-je-ne-suis-pas chunk-non-merci,,,,,(none on item),also: L3/s08-weave-non-je-ne-suis-pas-ici,,,,,,,,
QA-L03-139,C,L3,s09-sayit-not-here,say-it-your-way,ici,here,gloss,You are at the wrong place. Someone is expecting you somewhere else. Say that you are not here.,Both work. Non answers the call first; je ne suis pas ici states it plainly.,Support piece for the open task,recognition,read,word-ici,,,"piece boundary ""ici"" ↔ registry ""ici""",,(none on item),"fields: payload.suggestedPieces[].text (opt-in support) ; payload.reveal.explanation (inline) || also: L2/s00-goal-etre, L2/s00-meet-je-suis-ici, L2/s02-meet-bonjour-je-suis-ici, L2/s03-fill-je-suis-blank, L2/s04-weave-je-suis-ici, L2/s05-weave-call-and-respond, L2/s07-sayit-arrive-locate, L2/s08-recap-first-engine, L3/s06-weave-je-ne-suis-pas-ici, L3/s07-weave-ce-n-est-pas-ici, L3/s08-weave-non-je-ne-suis-pas-ici, L4/s00-goal-jai, L6/s00-goal-petit-moment, L6/s03-weave-bonjour-je-suis-ici, L6/s07-sayit-step-in, L6/s10-recap-a-small-moment, L8/s00-goal-ou, L8/s03-fill-c-est-blank, L8/s08-meet-c-est-ici, L8/s09-fill-which-side, L8/s05-weave-answer-here, L8/s10-reveal-both-sides, L8/s07-recap-ou",,,,,,,,
QA-L03-140,C,L3,s09-sayit-not-here,say-it-your-way,je ne suis pas,I am not,gloss,You are at the wrong place. Someone is expecting you somewhere else. Say that you are not here.,Both work. Non answers the call first; je ne suis pas ici states it plainly.,Support piece for the open task,recognition,read,chunk-je-ne-suis-pas,,,"piece boundary ""je ne suis pas"" ↔ registry ""je ne suis pas""",,(none on item),"fields: payload.suggestedPieces[].text (opt-in support) ; payload.reveal.explanation (inline) || also: L3/s00-meet-je-ne-suis-pas-ici, L3/s01-insight-ne-pas-sandwich, L3/s02-fill-verb-in-sandwich, L3/s06-weave-je-ne-suis-pas-ici, L3/s08-weave-non-je-ne-suis-pas-ici, L3/s10-recap-negation",,,,,,,,
QA-L03-141,C,L3,s09-sayit-not-here,say-it-your-way,Non,no,gloss,You are at the wrong place. Someone is expecting you somewhere else. Say that you are not here.,,Support piece for the open task,recognition,read,chunk-non,,,"piece boundary ""Non"" ↔ registry ""non""",,(none on item),"also: L3/s04-insight-oui-non, L3/s05-fill-refuse-politely, L3/s08-weave-non-je-ne-suis-pas-ici, L3/s08-weave-non-je-ne-suis-pas-ici, L3/s10-recap-negation, L6/s04-fill-decline-offer",,,,,,,,
QA-L03-142,F,L3,s09-sayit-not-here,say-it-your-way,non,no,gloss,You are at the wrong place. Someone is expecting you somewhere else. Say that you are not here.,Both work. Non answers the call first; je ne suis pas ici states it plainly.,French named inside explanatory copy,recognition,read,chunk-non,,,,,(none on item),"also: L3/s04-insight-oui-non, L3/s05-fill-refuse-politely, L3/s08-weave-non-je-ne-suis-pas-ici, L3/s08-weave-non-je-ne-suis-pas-ici, L3/s10-recap-negation, L6/s04-fill-decline-offer",,,,,,,,
QA-L03-143,C,L3,s10-recap-negation,recap,ce n'est pas,it is not / that is not,gloss,Recap: You can say no now.,"You turned je suis into je ne suis pas, and c'est into ce n'est pas.",Chip listed back as a piece the learner used,recycled,read,chunk-ce-n-est-pas,,,,,(none on item),"fields: payload.piecesUsed[2] ; payload.lines[1] (inline) || also: L3/s03-meet-ce-n-est-pas-ici, L3/s07-weave-ce-n-est-pas-ici",,,,,,,,
QA-L03-144,C,L3,s10-recap-negation,recap,je ne suis pas,I am not,gloss,Recap: You can say no now.,"You turned je suis into je ne suis pas, and c'est into ce n'est pas.",Chip listed back as a piece the learner used,recycled,read,chunk-je-ne-suis-pas,,,,,(none on item),"fields: payload.piecesUsed[1] ; payload.lines[1] (inline) || also: L3/s00-meet-je-ne-suis-pas-ici, L3/s01-insight-ne-pas-sandwich, L3/s02-fill-verb-in-sandwich, L3/s06-weave-je-ne-suis-pas-ici, L3/s08-weave-non-je-ne-suis-pas-ici, L3/s09-sayit-not-here",,,,,,,,
QA-L03-145,C,L3,s10-recap-negation,recap,non,no,gloss,Recap: You can say no now.,,Chip listed back as a piece the learner used,recycled,read,chunk-non,,,,,(none on item),"also: L3/s04-insight-oui-non, L3/s05-fill-refuse-politely, L3/s08-weave-non-je-ne-suis-pas-ici, L3/s08-weave-non-je-ne-suis-pas-ici, L3/s09-sayit-not-here, L3/s09-sayit-not-here, L6/s04-fill-decline-offer",,,,,,,,
QA-L03-146,C,L3,s10-recap-negation,recap,non merci,no thank you,gloss,Recap: You can say no now.,You refused politely with non merci.,Chip listed back as a piece the learner used,recycled,read,chunk-non-merci,,,,,(none on item),"fields: payload.piecesUsed[3] ; payload.lines[2] (inline) || also: L3/s00-goal-non, L3/s04-insight-oui-non, L3/s04-insight-oui-non, L3/s05-fill-refuse-politely, L3/s05-fill-refuse-politely, L3/s05-fill-refuse-politely, L6/s04-fill-decline-offer, L6/s04-fill-decline-offer",,,,,,,,
QA-L03-147,F,L3,s10-recap-negation,recap,c'est,it is / that is,gloss,Recap: You can say no now.,"You turned je suis into je ne suis pas, and c'est into ce n'est pas.",French named inside recap copy,recognition,read,chunk-c-est,,,,,(none on item),"also: L3/s07-weave-ce-n-est-pas-ici, L8/s01-meet-c-est-ou, L8/s03-fill-c-est-blank, L8/s04-weave-ask-where, L8/s08-meet-c-est-ici, L8/s05-weave-answer-here, L8/s06-sayit-find-the-room, L8/s07-recap-ou, L10/s00-goal-integration, L10/s09-meet-morning-arrival, L10/s02-weave-arrive-ask-where, L10/s08-recap-full-day",,,,,,,,
QA-L03-148,F,L3,s10-recap-negation,recap,je suis,I am,gloss,Recap: You can say no now.,"You turned je suis into je ne suis pas, and c'est into ce n'est pas.",French named inside recap copy,recognition,read,chunk-je-suis,,,,,(none on item),"also: L1/s03-fill-polite-verb, L2/s00-goal-etre, L2/s00-meet-je-suis-ici, L2/s01-insight-je-suis-engine, L2/s02-meet-bonjour-je-suis-ici, L2/s03-fill-je-suis-blank, L2/s04-weave-je-suis-ici, L2/s05-weave-call-and-respond, L2/s07-sayit-arrive-locate, L2/s08-recap-first-engine, L3/s01-insight-ne-pas-sandwich, L4/s00-goal-jai, L4/s01-insight-have-for-feelings, L4/s02-fill-have-not-be, L4/s02-fill-have-not-be, L6/s00-goal-petit-moment, L6/s03-weave-bonjour-je-suis-ici, L6/s07-sayit-step-in, L6/s10-recap-a-small-moment, L7/s02-insight-je-vais-frozen, L7/s03-fill-je-vais-blank, L10/s03-fill-engine-chooser, L10/s01-insight-three-engines",,,,,,,,
QA-L04-149,F,L4,s00-goal-jai,insight-card,faim,hunger,gloss,Insight card: Your second engine,"Today: your second engine, j'ai. By the end: you can choose between where you are, how you feel, and what you have to ask. Main pieces: je suis, ici, j'ai, faim, une question.",French named inside explanatory copy,recognition,read,noun-faim,,,,,(none on item),"also: L4/s00-meet-j-ai-faim, L4/s05-weave-j-ai-faim, L4/s07-sayit-how-you-feel, L4/s08-recap-jai",,,,,,,,
QA-L04-150,F,L4,s00-goal-jai,insight-card,ici,here,gloss,Insight card: Your second engine,"Today: your second engine, j'ai. By the end: you can choose between where you are, how you feel, and what you have to ask. Main pieces: je suis, ici, j'ai, faim, une question.",French named inside explanatory copy,recognition,read,word-ici,,,,,(none on item),"also: L2/s00-goal-etre, L2/s00-meet-je-suis-ici, L2/s02-meet-bonjour-je-suis-ici, L2/s03-fill-je-suis-blank, L2/s04-weave-je-suis-ici, L2/s05-weave-call-and-respond, L2/s07-sayit-arrive-locate, L2/s08-recap-first-engine, L3/s06-weave-je-ne-suis-pas-ici, L3/s07-weave-ce-n-est-pas-ici, L3/s08-weave-non-je-ne-suis-pas-ici, L3/s09-sayit-not-here, L6/s00-goal-petit-moment, L6/s03-weave-bonjour-je-suis-ici, L6/s07-sayit-step-in, L6/s10-recap-a-small-moment, L8/s00-goal-ou, L8/s03-fill-c-est-blank, L8/s08-meet-c-est-ici, L8/s09-fill-which-side, L8/s05-weave-answer-here, L8/s10-reveal-both-sides, L8/s07-recap-ou",,,,,,,,
QA-L04-151,F,L4,s00-goal-jai,insight-card,j'ai,I have,gloss,Insight card: Your second engine,"Today: your second engine, j'ai. By the end: you can choose between where you are, how you feel, and what you have to ask. Main pieces: je suis, ici, j'ai, faim, une question.",French named inside explanatory copy,recognition,read,chunk-j-ai,,,,,(none on item),"also: L4/s00-meet-j-ai-faim, L4/s02-fill-have-not-be, L4/s03-meet-j-ai-une-question, L4/s04-insight-jai-elision, L4/s05-weave-j-ai-faim, L4/s06-weave-bonjour-j-ai-une-question, L4/s07-sayit-how-you-feel, L4/s08-recap-jai, L5/s06-weave-j-ai-une-question, L6/s00-goal-petit-moment, L6/s05-weave-j-ai-une-question, L6/s07-sayit-step-in, L6/s10-recap-a-small-moment",,,,,,,,
QA-L04-152,F,L4,s00-goal-jai,insight-card,je suis,I am,gloss,Insight card: Your second engine,"Today: your second engine, j'ai. By the end: you can choose between where you are, how you feel, and what you have to ask. Main pieces: je suis, ici, j'ai, faim, une question.",French named inside explanatory copy,recognition,read,chunk-je-suis,,,,,(none on item),"also: L1/s03-fill-polite-verb, L2/s00-goal-etre, L2/s00-meet-je-suis-ici, L2/s01-insight-je-suis-engine, L2/s02-meet-bonjour-je-suis-ici, L2/s03-fill-je-suis-blank, L2/s04-weave-je-suis-ici, L2/s05-weave-call-and-respond, L2/s07-sayit-arrive-locate, L2/s08-recap-first-engine, L3/s01-insight-ne-pas-sandwich, L3/s10-recap-negation, L4/s01-insight-have-for-feelings, L4/s02-fill-have-not-be, L4/s02-fill-have-not-be, L6/s00-goal-petit-moment, L6/s03-weave-bonjour-je-suis-ici, L6/s07-sayit-step-in, L6/s10-recap-a-small-moment, L7/s02-insight-je-vais-frozen, L7/s03-fill-je-vais-blank, L10/s03-fill-engine-chooser, L10/s01-insight-three-engines",,,,,,,,
QA-L04-153,F,L4,s00-goal-jai,insight-card,une question,a question,gloss,Insight card: Your second engine,"Today: your second engine, j'ai. By the end: you can choose between where you are, how you feel, and what you have to ask. Main pieces: je suis, ici, j'ai, faim, une question.",French named inside explanatory copy,recognition,read,chunk-une-question,,,,,(none on item),"also: L4/s03-meet-j-ai-une-question, L4/s06-weave-bonjour-j-ai-une-question, L4/s08-recap-jai, L5/s00-goal-un-une, L5/s01-meet-une-question, L5/s03-fill-package-cafe, L5/s04-fill-package-question, L5/s02-insight-little-packages, L5/s04b-fill-choose-package, L5/s06-weave-j-ai-une-question, L5/s08-recap-packages, L6/s00-goal-petit-moment, L6/s05-weave-j-ai-une-question, L6/s07-sayit-step-in, L6/s10-recap-a-small-moment",,,,,,,,
QA-L04-154,C,L4,s00-meet-j-ai-faim,meet-card,faim,hunger,gloss,A different way to feel.,,Highlighted chunk boundary inside the meet sentence,supported,read,noun-faim,,,"highlight span of ""J'ai faim.""",,(none on item),"also: L4/s00-goal-jai, L4/s05-weave-j-ai-faim, L4/s07-sayit-how-you-feel, L4/s08-recap-jai",,,,,,,,
QA-L04-155,C,L4,s00-meet-j-ai-faim,meet-card,J'ai,I have,gloss,A different way to feel.,,Highlighted chunk boundary inside the meet sentence,recognition,read,chunk-j-ai,,,"highlight span of ""J'ai faim.""",,(none on item),"also: L4/s00-goal-jai, L4/s02-fill-have-not-be, L4/s03-meet-j-ai-une-question, L4/s04-insight-jai-elision, L4/s05-weave-j-ai-faim, L4/s06-weave-bonjour-j-ai-une-question, L4/s07-sayit-how-you-feel, L4/s08-recap-jai, L5/s06-weave-j-ai-une-question, L6/s00-goal-petit-moment, L6/s05-weave-j-ai-une-question, L6/s07-sayit-step-in, L6/s10-recap-a-small-moment",,,,,,,,
QA-L04-156,C,L4,s00-meet-j-ai-faim,meet-card,J'ai faim.,I am hungry.,gloss,A different way to feel.,,First contact / re-contact: A different way to feel.,active-new,listen,chunk-j-ai-faim chunk-j-ai,,,J'ai → chunk-j-ai | faim → noun-faim,,(none on item),"also: L4/s01-insight-have-for-feelings, L4/s01-insight-have-for-feelings, L4/s02-fill-have-not-be, L4/s02-fill-have-not-be, L4/s03b-fill-where-feel-have, L4/s03b-fill-where-feel-have, L4/s05-weave-j-ai-faim, L4/s05-weave-j-ai-faim, L4/s07-sayit-how-you-feel, L4/s07-sayit-how-you-feel, L4/s08-recap-jai, L6/s02-fill-right-place",,,,,,,,
QA-L04-157,F,L4,s01-insight-have-for-feelings,insight-card,j'ai faim,I am hungry,gloss,Insight card: French has hunger.,"In English you are hungry. In French you have hunger: j'ai faim. French puts some feelings on have, not on be. Je suis names who or where you are; j'ai names what you feel or have: a feeling like j'ai faim, or a thing like j'ai une question.",French named inside explanatory copy,recognition,read,chunk-j-ai-faim,,,,,(none on item),"also: L4/s00-meet-j-ai-faim, L4/s02-fill-have-not-be, L4/s02-fill-have-not-be, L4/s03b-fill-where-feel-have, L4/s03b-fill-where-feel-have, L4/s05-weave-j-ai-faim, L4/s05-weave-j-ai-faim, L4/s07-sayit-how-you-feel, L4/s07-sayit-how-you-feel, L4/s08-recap-jai, L6/s02-fill-right-place",,,,,,,,
QA-L04-158,F,L4,s01-insight-have-for-feelings,insight-card,J'ai faim.,I am hungry.,gloss,Insight card: French has hunger.,,"Illustrative example inside ""French has hunger.""",recognition,read,chunk-j-ai-faim,,,,,(none on item),"also: L4/s00-meet-j-ai-faim, L4/s02-fill-have-not-be, L4/s02-fill-have-not-be, L4/s03b-fill-where-feel-have, L4/s03b-fill-where-feel-have, L4/s05-weave-j-ai-faim, L4/s05-weave-j-ai-faim, L4/s07-sayit-how-you-feel, L4/s07-sayit-how-you-feel, L4/s08-recap-jai, L6/s02-fill-right-place",,,,,,,,
QA-L04-159,F,L4,s01-insight-have-for-feelings,insight-card,j'ai une question,I have a question,gloss,Insight card: French has hunger.,"In English you are hungry. In French you have hunger: j'ai faim. French puts some feelings on have, not on be. Je suis names who or where you are; j'ai names what you feel or have: a feeling like j'ai faim, or a thing like j'ai une question.",French named inside explanatory copy,recognition,read,chunk-j-ai-une-question,,,,,(none on item),"also: L4/s03-meet-j-ai-une-question, L4/s03b-fill-where-feel-have, L4/s06-weave-bonjour-j-ai-une-question, L4/s08-recap-jai, L5/s02-insight-little-packages, L5/s06-weave-j-ai-une-question, L5/s08-recap-packages, L6/s04-fill-decline-offer, L6/s05-weave-j-ai-une-question, L6/s05-weave-j-ai-une-question",,,,,,,,
QA-L04-160,F,L4,s01-insight-have-for-feelings,insight-card,J'ai une question.,I have a question.,gloss,Insight card: French has hunger.,,"Illustrative example inside ""French has hunger.""",recognition,read,chunk-j-ai-une-question,,,,,(none on item),"also: L4/s03-meet-j-ai-une-question, L4/s03b-fill-where-feel-have, L4/s06-weave-bonjour-j-ai-une-question, L4/s08-recap-jai, L5/s02-insight-little-packages, L5/s06-weave-j-ai-une-question, L5/s08-recap-packages, L6/s04-fill-decline-offer, L6/s05-weave-j-ai-une-question, L6/s05-weave-j-ai-une-question",,,,,,,,
QA-L04-161,F,L4,s01-insight-have-for-feelings,insight-card,je suis,I am,gloss,Insight card: French has hunger.,"In English you are hungry. In French you have hunger: j'ai faim. French puts some feelings on have, not on be. Je suis names who or where you are; j'ai names what you feel or have: a feeling like j'ai faim, or a thing like j'ai une question.",French named inside explanatory copy,recognition,read,chunk-je-suis,,,,,(none on item),"also: L1/s03-fill-polite-verb, L2/s00-goal-etre, L2/s00-meet-je-suis-ici, L2/s01-insight-je-suis-engine, L2/s02-meet-bonjour-je-suis-ici, L2/s03-fill-je-suis-blank, L2/s04-weave-je-suis-ici, L2/s05-weave-call-and-respond, L2/s07-sayit-arrive-locate, L2/s08-recap-first-engine, L3/s01-insight-ne-pas-sandwich, L3/s10-recap-negation, L4/s00-goal-jai, L4/s02-fill-have-not-be, L4/s02-fill-have-not-be, L6/s00-goal-petit-moment, L6/s03-weave-bonjour-je-suis-ici, L6/s07-sayit-step-in, L6/s10-recap-a-small-moment, L7/s02-insight-je-vais-frozen, L7/s03-fill-je-vais-blank, L10/s03-fill-engine-chooser, L10/s01-insight-three-engines",,,,,,,,
QA-L04-162,F,L4,s01-insight-have-for-feelings,insight-card,Je suis ici.,I am here.,gloss,Insight card: French has hunger.,,"Illustrative example inside ""French has hunger.""",recognition,read,chunk-je-suis-ici,,,,,(none on item),"also: L2/s00-meet-je-suis-ici, L2/s01-insight-je-suis-engine, L2/s03-fill-je-suis-blank, L2/s04-weave-je-suis-ici, L2/s04-weave-je-suis-ici, L2/s06-insight-shape-noticed, L2/s06-insight-shape-noticed, L2/s05-weave-call-and-respond, L2/s05-weave-call-and-respond, L2/s07-sayit-arrive-locate, L2/s07-sayit-arrive-locate, L3/s01-insight-ne-pas-sandwich, L4/s03b-fill-where-feel-have, L4/s03b-fill-where-feel-have, L6/s02-fill-right-place, L6/s02-fill-right-place, L6/s03-weave-bonjour-je-suis-ici, L10/s01-insight-three-engines",,,,,,,,
QA-L04-163,B,L4,s02-fill-have-not-be,fill-with-traps,J'ai faim.,(no English gloss presented),none,Which one fits a feeling you have?,,Natural full sentence shown after the choice,model-only,read,chunk-j-ai-faim,,,,,(none on item),"also: L4/s00-meet-j-ai-faim, L4/s01-insight-have-for-feelings, L4/s01-insight-have-for-feelings, L4/s03b-fill-where-feel-have, L4/s03b-fill-where-feel-have, L4/s05-weave-j-ai-faim, L4/s05-weave-j-ai-faim, L4/s07-sayit-how-you-feel, L4/s07-sayit-how-you-feel, L4/s08-recap-jai, L6/s02-fill-right-place",,,,,,,,
QA-L04-164,C,L4,s02-fill-have-not-be,fill-with-traps,___ faim.,(no English gloss presented),none,Which one fits a feeling you have?,,The French frame the blank sits in,recognition,read,chunk-j-ai chunk-j-ai-faim,,,,,(none on item),unique to this screen,,,,,,,,
QA-L04-165,C,L4,s02-fill-have-not-be,fill-with-traps,J'ai,I have,gloss,Which one fits a feeling you have?,,The option that completes the frame,recognition,choose,chunk-j-ai,,,,,(none on item),"also: L4/s00-goal-jai, L4/s00-meet-j-ai-faim, L4/s03-meet-j-ai-une-question, L4/s04-insight-jai-elision, L4/s05-weave-j-ai-faim, L4/s06-weave-bonjour-j-ai-une-question, L4/s07-sayit-how-you-feel, L4/s08-recap-jai, L5/s06-weave-j-ai-une-question, L6/s00-goal-petit-moment, L6/s05-weave-j-ai-une-question, L6/s07-sayit-step-in, L6/s10-recap-a-small-moment",,,,,,,,
QA-L04-166,C,L4,s02-fill-have-not-be,fill-with-traps,Je suis,I am,gloss,Which one fits a feeling you have?,,"Distractor — shown reason: Je suis names who or where you are. For hunger, French uses have: j'ai faim.",recognition,choose,chunk-je-suis,,,,,(none on item),"also: L1/s03-fill-polite-verb, L2/s00-goal-etre, L2/s00-meet-je-suis-ici, L2/s01-insight-je-suis-engine, L2/s02-meet-bonjour-je-suis-ici, L2/s03-fill-je-suis-blank, L2/s04-weave-je-suis-ici, L2/s05-weave-call-and-respond, L2/s07-sayit-arrive-locate, L2/s08-recap-first-engine, L3/s01-insight-ne-pas-sandwich, L3/s10-recap-negation, L4/s00-goal-jai, L4/s01-insight-have-for-feelings, L6/s00-goal-petit-moment, L6/s03-weave-bonjour-je-suis-ici, L6/s07-sayit-step-in, L6/s10-recap-a-small-moment, L7/s02-insight-je-vais-frozen, L7/s03-fill-je-vais-blank, L10/s03-fill-engine-chooser, L10/s01-insight-three-engines",,,,,,,,
QA-L04-167,C,L4,s02-fill-have-not-be,fill-with-traps,Je voudrais,I would like,gloss,Which one fits a feeling you have?,,"Distractor — shown reason: Je voudrais asks for something. Hunger is a state you have, not a request.",recognition,choose,chunk-je-voudrais,,,,,(none on item),"also: L1/s03-fill-polite-verb, L1/s04-weave-cafe-order, L1/s06-weave-cafe-order-please, L1/s11-weave-the-order, L1/s08-sayit-cafe-order, L1/s09-recap-survival-kit, L2/s03-fill-je-suis-blank, L3/s02-fill-verb-in-sandwich, L5/s05-weave-je-voudrais-un-cafe, L5/s07-sayit-ask-for-a-coffee, L5/s08-recap-packages, L7/s03-fill-je-vais-blank, L9/s00-goal-pause, L9/s01-meet-faire-une-pause, L9/s03-fill-faire-blank, L9/s02-insight-voudrais-carries-actions, L9/s04-weave-ask-for-a-break, L9/s05-weave-break-politely, L9/s10-insight-what-you-can-ask, L9/s06-sayit-long-afternoon, L9/s07-recap-pause, L10/s03-fill-engine-chooser, L10/s01-insight-three-engines, L10/s04-weave-midday-break, L10/s08-recap-full-day",,,,,,,,
QA-L04-168,F,L4,s02-fill-have-not-be,fill-with-traps,j'ai faim,I am hungry,gloss,Which one fits a feeling you have?,"French has hunger: j'ai faim. ⏐ Je suis names who or where you are. For hunger, French uses have: j'ai faim.",French named inside feedback copy,recognition,read,chunk-j-ai-faim,,,,,(none on item),"fields: payload.reveal.explanation (inline) ; payload.options[opt-je-suis].trapReason (inline) || also: L4/s00-meet-j-ai-faim, L4/s01-insight-have-for-feelings, L4/s01-insight-have-for-feelings, L4/s03b-fill-where-feel-have, L4/s03b-fill-where-feel-have, L4/s05-weave-j-ai-faim, L4/s05-weave-j-ai-faim, L4/s07-sayit-how-you-feel, L4/s07-sayit-how-you-feel, L4/s08-recap-jai, L6/s02-fill-right-place",,,,,,,,
QA-L04-169,F,L4,s02-fill-have-not-be,fill-with-traps,je suis,I am,gloss,Which one fits a feeling you have?,"Je suis names who or where you are. For hunger, French uses have: j'ai faim.",French named inside feedback copy,recognition,read,chunk-je-suis,,,,,(none on item),"also: L1/s03-fill-polite-verb, L2/s00-goal-etre, L2/s00-meet-je-suis-ici, L2/s01-insight-je-suis-engine, L2/s02-meet-bonjour-je-suis-ici, L2/s03-fill-je-suis-blank, L2/s04-weave-je-suis-ici, L2/s05-weave-call-and-respond, L2/s07-sayit-arrive-locate, L2/s08-recap-first-engine, L3/s01-insight-ne-pas-sandwich, L3/s10-recap-negation, L4/s00-goal-jai, L4/s01-insight-have-for-feelings, L6/s00-goal-petit-moment, L6/s03-weave-bonjour-je-suis-ici, L6/s07-sayit-step-in, L6/s10-recap-a-small-moment, L7/s02-insight-je-vais-frozen, L7/s03-fill-je-vais-blank, L10/s03-fill-engine-chooser, L10/s01-insight-three-engines",,,,,,,,
QA-L04-170,F,L4,s02-fill-have-not-be,fill-with-traps,je voudrais,I would like,gloss,Which one fits a feeling you have?,"Je voudrais asks for something. Hunger is a state you have, not a request.",French named inside feedback copy,recognition,read,chunk-je-voudrais,,,,,(none on item),"also: L1/s03-fill-polite-verb, L1/s04-weave-cafe-order, L1/s06-weave-cafe-order-please, L1/s11-weave-the-order, L1/s08-sayit-cafe-order, L1/s09-recap-survival-kit, L2/s03-fill-je-suis-blank, L3/s02-fill-verb-in-sandwich, L5/s05-weave-je-voudrais-un-cafe, L5/s07-sayit-ask-for-a-coffee, L5/s08-recap-packages, L7/s03-fill-je-vais-blank, L9/s00-goal-pause, L9/s01-meet-faire-une-pause, L9/s03-fill-faire-blank, L9/s02-insight-voudrais-carries-actions, L9/s04-weave-ask-for-a-break, L9/s05-weave-break-politely, L9/s10-insight-what-you-can-ask, L9/s06-sayit-long-afternoon, L9/s07-recap-pause, L10/s03-fill-engine-chooser, L10/s01-insight-three-engines, L10/s04-weave-midday-break, L10/s08-recap-full-day",,,,,,,,
QA-L04-171,C,L4,s03-meet-j-ai-une-question,meet-card,J'ai,I have,gloss,Have works for things too.,,Highlighted chunk boundary inside the meet sentence,recognition,read,chunk-j-ai,,,"highlight span of ""J'ai une question.""",,(none on item),"also: L4/s00-goal-jai, L4/s00-meet-j-ai-faim, L4/s02-fill-have-not-be, L4/s04-insight-jai-elision, L4/s05-weave-j-ai-faim, L4/s06-weave-bonjour-j-ai-une-question, L4/s07-sayit-how-you-feel, L4/s08-recap-jai, L5/s06-weave-j-ai-une-question, L6/s00-goal-petit-moment, L6/s05-weave-j-ai-une-question, L6/s07-sayit-step-in, L6/s10-recap-a-small-moment",,,,,,,,
QA-L04-172,C,L4,s03-meet-j-ai-une-question,meet-card,J'ai une question.,I have a question.,gloss,Have works for things too.,,First contact / re-contact: Have works for things too.,active-new,listen,chunk-j-ai-une-question chunk-j-ai,,,J'ai → chunk-j-ai | une question → noun-question,,(none on item),"also: L4/s01-insight-have-for-feelings, L4/s01-insight-have-for-feelings, L4/s03b-fill-where-feel-have, L4/s06-weave-bonjour-j-ai-une-question, L4/s08-recap-jai, L5/s02-insight-little-packages, L5/s06-weave-j-ai-une-question, L5/s08-recap-packages, L6/s04-fill-decline-offer, L6/s05-weave-j-ai-une-question, L6/s05-weave-j-ai-une-question",,,,,,,,
QA-L04-173,C,L4,s03-meet-j-ai-une-question,meet-card,une question,question,gloss,Have works for things too.,,Highlighted chunk boundary inside the meet sentence,supported,read,noun-question,,,"highlight span of ""J'ai une question.""",,(none on item),"also: L4/s00-goal-jai, L4/s06-weave-bonjour-j-ai-une-question, L4/s08-recap-jai, L5/s00-goal-un-une, L5/s01-meet-une-question, L5/s03-fill-package-cafe, L5/s04-fill-package-question, L5/s02-insight-little-packages, L5/s04b-fill-choose-package, L5/s06-weave-j-ai-une-question, L5/s08-recap-packages, L6/s00-goal-petit-moment, L6/s05-weave-j-ai-une-question, L6/s07-sayit-step-in, L6/s10-recap-a-small-moment",,,,,,,,
QA-L04-174,B,L4,s03b-fill-where-feel-have,fill-with-traps,J'ai une question.,(no English gloss presented),none,You came with one small thing to ask. What do you say?,,The option that completes the frame,model-only,choose,chunk-j-ai-une-question chunk-je-suis-ici chunk-j-ai-faim,,,,,(none on item),"fields: payload.options[opt-question].text (correct) ; payload.reveal.natural || also: L4/s01-insight-have-for-feelings, L4/s01-insight-have-for-feelings, L4/s03-meet-j-ai-une-question, L4/s06-weave-bonjour-j-ai-une-question, L4/s08-recap-jai, L5/s02-insight-little-packages, L5/s06-weave-j-ai-une-question, L5/s08-recap-packages, L6/s04-fill-decline-offer, L6/s05-weave-j-ai-une-question, L6/s05-weave-j-ai-une-question",,,,,,,,
QA-L04-175,C,L4,s03b-fill-where-feel-have,fill-with-traps,J'ai faim.,(no English gloss presented),none,You came with one small thing to ask. What do you say?,,"Distractor — shown reason: That says how you feel, not that you have a question.",recognition,choose,chunk-j-ai-une-question chunk-je-suis-ici chunk-j-ai-faim,,,,,(none on item),"also: L4/s00-meet-j-ai-faim, L4/s01-insight-have-for-feelings, L4/s01-insight-have-for-feelings, L4/s02-fill-have-not-be, L4/s02-fill-have-not-be, L4/s05-weave-j-ai-faim, L4/s05-weave-j-ai-faim, L4/s07-sayit-how-you-feel, L4/s07-sayit-how-you-feel, L4/s08-recap-jai, L6/s02-fill-right-place",,,,,,,,
QA-L04-176,C,L4,s03b-fill-where-feel-have,fill-with-traps,Je suis ici.,(no English gloss presented),none,You came with one small thing to ask. What do you say?,,"Distractor — shown reason: That says where you are, not what you have to ask.",recognition,choose,chunk-j-ai-une-question chunk-je-suis-ici chunk-j-ai-faim,,,,,(none on item),"also: L2/s00-meet-je-suis-ici, L2/s01-insight-je-suis-engine, L2/s03-fill-je-suis-blank, L2/s04-weave-je-suis-ici, L2/s04-weave-je-suis-ici, L2/s06-insight-shape-noticed, L2/s06-insight-shape-noticed, L2/s05-weave-call-and-respond, L2/s05-weave-call-and-respond, L2/s07-sayit-arrive-locate, L2/s07-sayit-arrive-locate, L3/s01-insight-ne-pas-sandwich, L4/s01-insight-have-for-feelings, L6/s02-fill-right-place, L6/s02-fill-right-place, L6/s03-weave-bonjour-je-suis-ici, L10/s01-insight-three-engines",,,,,,,,
QA-L04-177,F,L4,s03b-fill-where-feel-have,fill-with-traps,j'ai faim,I am hungry,gloss,You came with one small thing to ask. What do you say?,French uses j'ai for this: I have a question. Je suis ici says where you are. J'ai faim says how you feel.,French named inside feedback copy,recognition,read,chunk-j-ai-faim,,,,,(none on item),"also: L4/s00-meet-j-ai-faim, L4/s01-insight-have-for-feelings, L4/s01-insight-have-for-feelings, L4/s02-fill-have-not-be, L4/s02-fill-have-not-be, L4/s05-weave-j-ai-faim, L4/s05-weave-j-ai-faim, L4/s07-sayit-how-you-feel, L4/s07-sayit-how-you-feel, L4/s08-recap-jai, L6/s02-fill-right-place",,,,,,,,
QA-L04-178,F,L4,s03b-fill-where-feel-have,fill-with-traps,je suis ici,I am here,gloss,You came with one small thing to ask. What do you say?,French uses j'ai for this: I have a question. Je suis ici says where you are. J'ai faim says how you feel.,French named inside feedback copy,recognition,read,chunk-je-suis-ici,,,,,(none on item),"also: L2/s00-meet-je-suis-ici, L2/s01-insight-je-suis-engine, L2/s03-fill-je-suis-blank, L2/s04-weave-je-suis-ici, L2/s04-weave-je-suis-ici, L2/s06-insight-shape-noticed, L2/s06-insight-shape-noticed, L2/s05-weave-call-and-respond, L2/s05-weave-call-and-respond, L2/s07-sayit-arrive-locate, L2/s07-sayit-arrive-locate, L3/s01-insight-ne-pas-sandwich, L4/s01-insight-have-for-feelings, L6/s02-fill-right-place, L6/s02-fill-right-place, L6/s03-weave-bonjour-je-suis-ici, L10/s01-insight-three-engines",,,,,,,,
QA-L04-179,F,L4,s04-insight-jai-elision,insight-card,j'ai,I have,gloss,Insight card: je + ai becomes j'ai.,"je + ai becomes j'ai. ⏐ Before a vowel, je drops its e and joins the next word: je + ai becomes j'ai. You hear and write one smooth piece, j'ai.","Illustrative example inside ""je + ai becomes j'ai.""",recognition,read,chunk-j-ai,,,,,(none on item),"fields: payload.examples[].fr ; payload.title (inline) ; payload.body (inline) || also: L4/s00-goal-jai, L4/s00-meet-j-ai-faim, L4/s02-fill-have-not-be, L4/s03-meet-j-ai-une-question, L4/s05-weave-j-ai-faim, L4/s06-weave-bonjour-j-ai-une-question, L4/s07-sayit-how-you-feel, L4/s08-recap-jai, L5/s06-weave-j-ai-une-question, L6/s00-goal-petit-moment, L6/s05-weave-j-ai-une-question, L6/s07-sayit-step-in, L6/s10-recap-a-small-moment",,,,,,,,
QA-L04-180,F,L4,s04-insight-jai-elision,insight-card,je + ai,I + have,gloss,Insight card: je + ai becomes j'ai.,,"Illustrative example inside ""je + ai becomes j'ai.""",recognition,read,,,,,,(none),unique to this screen,,,,,,,,
QA-L04-181,A,L4,s05-weave-j-ai-faim,weave,J'ai faim.,I am hungry.,instruction,"It is past noon and you have not eaten. Say how you feel, the French way.",,Typed production — mid weave,active-new,type,chunk-j-ai-faim chunk-j-ai,,,,J ai faim. | J ai faim | j ai faim,(none on item),"also: L4/s00-meet-j-ai-faim, L4/s01-insight-have-for-feelings, L4/s01-insight-have-for-feelings, L4/s02-fill-have-not-be, L4/s02-fill-have-not-be, L4/s03b-fill-where-feel-have, L4/s03b-fill-where-feel-have, L4/s07-sayit-how-you-feel, L4/s07-sayit-how-you-feel, L4/s08-recap-jai, L6/s02-fill-right-place",,,,,,,,
QA-L04-182,E,L4,s05-weave-j-ai-faim,weave,j ai faim,I am hungry.,instruction,"It is past noon and you have not eaten. Say how you feel, the French way.",,"Accepted instead of ""J'ai faim.""",accepted-alternative,type,chunk-j-ai-faim chunk-j-ai,,,,,(none on item),unique to this screen,,,,,,,,
QA-L04-183,E,L4,s05-weave-j-ai-faim,weave,J ai faim,I am hungry.,instruction,"It is past noon and you have not eaten. Say how you feel, the French way.",,"Accepted instead of ""J'ai faim.""",accepted-alternative,type,chunk-j-ai-faim chunk-j-ai,,,,,(none on item),unique to this screen,,,,,,,,
QA-L04-184,E,L4,s05-weave-j-ai-faim,weave,J ai faim.,I am hungry.,instruction,"It is past noon and you have not eaten. Say how you feel, the French way.",,"Accepted instead of ""J'ai faim.""",accepted-alternative,type,chunk-j-ai-faim chunk-j-ai,,,,,(none on item),unique to this screen,,,,,,,,
QA-L04-185,C,L4,s05-weave-j-ai-faim,weave,faim,hunger,gloss,"It is past noon and you have not eaten. Say how you feel, the French way.","Start with j'ai, then faim.","Support piece shown as ""feeling word"" (required)",recognition,read,noun-faim,,,"piece boundary ""faim"" ↔ registry ""faim""",,(none on item),"fields: payload.suggestedPieces[].text (hint rung 1) ; payload.reveal.ifMissingTargetPiece (inline) || also: L4/s00-goal-jai, L4/s00-meet-j-ai-faim, L4/s07-sayit-how-you-feel, L4/s08-recap-jai",,,,,,,,
QA-L04-186,C,L4,s05-weave-j-ai-faim,weave,j'ai,I have,gloss,"It is past noon and you have not eaten. Say how you feel, the French way.","Start with j'ai, then faim.","Support piece shown as ""I have"" (required)",recognition,read,chunk-j-ai,,,"piece boundary ""j'ai"" ↔ registry ""j'ai""",,(none on item),"fields: payload.suggestedPieces[].text (hint rung 1) ; payload.reveal.ifMissingTargetPiece (inline) || also: L4/s00-goal-jai, L4/s00-meet-j-ai-faim, L4/s02-fill-have-not-be, L4/s03-meet-j-ai-une-question, L4/s04-insight-jai-elision, L4/s06-weave-bonjour-j-ai-une-question, L4/s07-sayit-how-you-feel, L4/s08-recap-jai, L5/s06-weave-j-ai-une-question, L6/s00-goal-petit-moment, L6/s05-weave-j-ai-une-question, L6/s07-sayit-step-in, L6/s10-recap-a-small-moment",,,,,,,,
QA-L04-187,F,L4,s05-weave-j-ai-faim,weave,j'ai faim,I am hungry,gloss,"It is past noon and you have not eaten. Say how you feel, the French way.",Right. faim is hunger; j'ai faim is I am hungry. ⏐ Your meaning lands. French puts the feeling on have: j'ai faim.,French named inside feedback copy,recognition,read,chunk-j-ai-faim,,,,,(none on item),"fields: payload.reveal.ifCorrectButFlat (inline) ; payload.reveal.ifUnderstandableButWrong (inline) || also: L4/s00-meet-j-ai-faim, L4/s01-insight-have-for-feelings, L4/s01-insight-have-for-feelings, L4/s02-fill-have-not-be, L4/s02-fill-have-not-be, L4/s03b-fill-where-feel-have, L4/s03b-fill-where-feel-have, L4/s07-sayit-how-you-feel, L4/s07-sayit-how-you-feel, L4/s08-recap-jai, L6/s02-fill-right-place",,,,,,,,
QA-L04-188,A,L4,s06-weave-bonjour-j-ai-une-question,weave,"Bonjour, j'ai une question.","Hello, I have a question.",instruction,"You step up to ask someone something. Greet first, then say you have a question.",,Typed production — context weave,active-new,type,chunk-bonjour chunk-j-ai-une-question chunk-j-ai,,,,"Bonjour, j ai une question. | Bonjour j ai une question",(none on item),also: L6/s07-sayit-step-in,,,,,,,,
QA-L04-189,E,L4,s06-weave-bonjour-j-ai-une-question,weave,Bonjour j ai une question,"Hello, I have a question.",instruction,"You step up to ask someone something. Greet first, then say you have a question.",,"Accepted instead of ""Bonjour, j'ai une question.""",accepted-alternative,type,chunk-bonjour chunk-j-ai-une-question chunk-j-ai,,,,,(none on item),unique to this screen,,,,,,,,
QA-L04-190,E,L4,s06-weave-bonjour-j-ai-une-question,weave,"Bonjour, j ai une question.","Hello, I have a question.",instruction,"You step up to ask someone something. Greet first, then say you have a question.",,"Accepted instead of ""Bonjour, j'ai une question.""",accepted-alternative,type,chunk-bonjour chunk-j-ai-une-question chunk-j-ai,,,,,(none on item),unique to this screen,,,,,,,,
QA-L04-191,C,L4,s06-weave-bonjour-j-ai-une-question,weave,Bonjour,Hello,gloss,"You step up to ask someone something. Greet first, then say you have a question.","Greet with bonjour, then j'ai une question.","Support piece shown as ""greeting"" (required)",recognition,read,chunk-bonjour,,,"piece boundary ""Bonjour"" ↔ registry ""Bonjour""",,(none on item),"fields: payload.suggestedPieces[].text (hint rung 1) ; payload.reveal.ifMissingTargetPiece (inline) || also: L1/s04-weave-cafe-order, L1/s01-insight-survival-kit, L1/s06-weave-cafe-order-please, L1/s08-sayit-cafe-order, L1/s09-recap-survival-kit, L2/s02-meet-bonjour-je-suis-ici, L2/s03-fill-je-suis-blank, L2/s03-fill-je-suis-blank, L2/s07-sayit-arrive-locate, L2/s08-recap-first-engine, L3/s02-fill-verb-in-sandwich, L3/s02-fill-verb-in-sandwich, L4/s07-sayit-how-you-feel, L4/s08-recap-jai, L6/s00-goal-petit-moment, L6/s01-meet-bonjour-at-the-door, L6/s01-meet-bonjour-at-the-door, L6/s03-weave-bonjour-je-suis-ici, L6/s00-insight-bonjour-to-au-revoir, L6/s00-insight-bonjour-to-au-revoir, L6/s07-sayit-step-in, L6/s10-recap-a-small-moment, L8/s06-sayit-find-the-room, L8/s06-sayit-find-the-room, L8/s07-recap-ou, L10/s09-meet-morning-arrival, L10/s02-weave-arrive-ask-where, L10/s02-weave-arrive-ask-where, L10/s05-weave-close-the-day, L10/s08-recap-full-day",,,,,,,,
QA-L04-192,C,L4,s06-weave-bonjour-j-ai-une-question,weave,"Bonjour, j'ai une ___.","Hello, I have a question.",instruction,"You step up to ask someone something. Greet first, then say you have a question.",,Second hint rung — a shape to fill in,recognition,read,chunk-bonjour chunk-j-ai-une-question chunk-j-ai,,,,,(none on item),unique to this screen,,,,,,,,
QA-L04-193,C,L4,s06-weave-bonjour-j-ai-une-question,weave,j'ai,I have,gloss,"You step up to ask someone something. Greet first, then say you have a question.",,"Support piece shown as ""I have"" (required)",recognition,read,chunk-j-ai,,,"piece boundary ""j'ai"" ↔ registry ""j'ai""",,(none on item),"also: L4/s00-goal-jai, L4/s00-meet-j-ai-faim, L4/s02-fill-have-not-be, L4/s03-meet-j-ai-une-question, L4/s04-insight-jai-elision, L4/s05-weave-j-ai-faim, L4/s07-sayit-how-you-feel, L4/s08-recap-jai, L5/s06-weave-j-ai-une-question, L6/s00-goal-petit-moment, L6/s05-weave-j-ai-une-question, L6/s07-sayit-step-in, L6/s10-recap-a-small-moment",,,,,,,,
QA-L04-194,C,L4,s06-weave-bonjour-j-ai-une-question,weave,une question,question,gloss,"You step up to ask someone something. Greet first, then say you have a question.",,"Support piece shown as ""noun package"" (required)",recognition,read,noun-question,,,"piece boundary ""une question"" ↔ registry ""question""",,(none on item),"also: L4/s00-goal-jai, L4/s03-meet-j-ai-une-question, L4/s08-recap-jai, L5/s00-goal-un-une, L5/s01-meet-une-question, L5/s03-fill-package-cafe, L5/s04-fill-package-question, L5/s02-insight-little-packages, L5/s04b-fill-choose-package, L5/s06-weave-j-ai-une-question, L5/s08-recap-packages, L6/s00-goal-petit-moment, L6/s05-weave-j-ai-une-question, L6/s07-sayit-step-in, L6/s10-recap-a-small-moment",,,,,,,,
QA-L04-195,F,L4,s06-weave-bonjour-j-ai-une-question,weave,j'ai une question,I have a question,gloss,"You step up to ask someone something. Greet first, then say you have a question.","Your meaning lands. French hands the question to have: j'ai une question. ⏐ Greet with bonjour, then j'ai une question.",French named inside feedback copy,recognition,read,chunk-j-ai-une-question,,,,,(none on item),"fields: payload.reveal.ifUnderstandableButWrong (inline) ; payload.reveal.ifMissingTargetPiece (inline) || also: L4/s01-insight-have-for-feelings, L4/s01-insight-have-for-feelings, L4/s03-meet-j-ai-une-question, L4/s03b-fill-where-feel-have, L4/s08-recap-jai, L5/s02-insight-little-packages, L5/s06-weave-j-ai-une-question, L5/s08-recap-packages, L6/s04-fill-decline-offer, L6/s05-weave-j-ai-une-question, L6/s05-weave-j-ai-une-question",,,,,,,,
QA-L04-196,B,L4,s07-sayit-how-you-feel,say-it-your-way,"Bonjour, j'ai faim.","Say what you feel, using have.",instruction,You have not eaten all morning and you want to let someone know how you feel. Say it the French way.,,Alternative natural version shown in the reveal,model-only,read,chunk-j-ai chunk-j-ai-faim,,,,,(none on item),unique to this screen,,,,,,,,
QA-L04-197,B,L4,s07-sayit-how-you-feel,say-it-your-way,J'ai faim.,"Say what you feel, using have.",instruction,You have not eaten all morning and you want to let someone know how you feel. Say it the French way.,,Model answer for the open task,model-only,read,chunk-j-ai chunk-j-ai-faim,,,,,(none on item),"also: L4/s00-meet-j-ai-faim, L4/s01-insight-have-for-feelings, L4/s01-insight-have-for-feelings, L4/s02-fill-have-not-be, L4/s02-fill-have-not-be, L4/s03b-fill-where-feel-have, L4/s03b-fill-where-feel-have, L4/s05-weave-j-ai-faim, L4/s05-weave-j-ai-faim, L4/s08-recap-jai, L6/s02-fill-right-place",,,,,,,,
QA-L04-198,C,L4,s07-sayit-how-you-feel,say-it-your-way,Bonjour,Hello,gloss,You have not eaten all morning and you want to let someone know how you feel. Say it the French way.,French puts hunger on have: j'ai faim. Add bonjour if you are greeting someone first.,Support piece for the open task,recognition,read,chunk-bonjour,,,"piece boundary ""Bonjour"" ↔ registry ""Bonjour""",,(none on item),"fields: payload.suggestedPieces[].text (opt-in support) ; payload.reveal.explanation (inline) || also: L1/s04-weave-cafe-order, L1/s01-insight-survival-kit, L1/s06-weave-cafe-order-please, L1/s08-sayit-cafe-order, L1/s09-recap-survival-kit, L2/s02-meet-bonjour-je-suis-ici, L2/s03-fill-je-suis-blank, L2/s03-fill-je-suis-blank, L2/s07-sayit-arrive-locate, L2/s08-recap-first-engine, L3/s02-fill-verb-in-sandwich, L3/s02-fill-verb-in-sandwich, L4/s06-weave-bonjour-j-ai-une-question, L4/s08-recap-jai, L6/s00-goal-petit-moment, L6/s01-meet-bonjour-at-the-door, L6/s01-meet-bonjour-at-the-door, L6/s03-weave-bonjour-je-suis-ici, L6/s00-insight-bonjour-to-au-revoir, L6/s00-insight-bonjour-to-au-revoir, L6/s07-sayit-step-in, L6/s10-recap-a-small-moment, L8/s06-sayit-find-the-room, L8/s06-sayit-find-the-room, L8/s07-recap-ou, L10/s09-meet-morning-arrival, L10/s02-weave-arrive-ask-where, L10/s02-weave-arrive-ask-where, L10/s05-weave-close-the-day, L10/s08-recap-full-day",,,,,,,,
QA-L04-199,C,L4,s07-sayit-how-you-feel,say-it-your-way,faim,hunger,gloss,You have not eaten all morning and you want to let someone know how you feel. Say it the French way.,,Support piece for the open task,recognition,read,noun-faim,,,"piece boundary ""faim"" ↔ registry ""faim""",,(none on item),"also: L4/s00-goal-jai, L4/s00-meet-j-ai-faim, L4/s05-weave-j-ai-faim, L4/s08-recap-jai",,,,,,,,
QA-L04-200,C,L4,s07-sayit-how-you-feel,say-it-your-way,j'ai,I have,gloss,You have not eaten all morning and you want to let someone know how you feel. Say it the French way.,,Support piece for the open task,recognition,read,chunk-j-ai,,,"piece boundary ""j'ai"" ↔ registry ""j'ai""",,(none on item),"also: L4/s00-goal-jai, L4/s00-meet-j-ai-faim, L4/s02-fill-have-not-be, L4/s03-meet-j-ai-une-question, L4/s04-insight-jai-elision, L4/s05-weave-j-ai-faim, L4/s06-weave-bonjour-j-ai-une-question, L4/s08-recap-jai, L5/s06-weave-j-ai-une-question, L6/s00-goal-petit-moment, L6/s05-weave-j-ai-une-question, L6/s07-sayit-step-in, L6/s10-recap-a-small-moment",,,,,,,,
QA-L04-201,F,L4,s07-sayit-how-you-feel,say-it-your-way,j'ai faim,I am hungry,gloss,You have not eaten all morning and you want to let someone know how you feel. Say it the French way.,French puts hunger on have: j'ai faim. Add bonjour if you are greeting someone first.,French named inside explanatory copy,recognition,read,chunk-j-ai-faim,,,,,(none on item),"also: L4/s00-meet-j-ai-faim, L4/s01-insight-have-for-feelings, L4/s01-insight-have-for-feelings, L4/s02-fill-have-not-be, L4/s02-fill-have-not-be, L4/s03b-fill-where-feel-have, L4/s03b-fill-where-feel-have, L4/s05-weave-j-ai-faim, L4/s05-weave-j-ai-faim, L4/s08-recap-jai, L6/s02-fill-right-place",,,,,,,,
QA-L04-202,C,L4,s08-recap-jai,recap,Bonjour,Hello,gloss,Recap: You have feelings in French now.,,Chip listed back as a piece the learner used,recycled,read,chunk-bonjour,,,,,(none on item),"also: L1/s04-weave-cafe-order, L1/s01-insight-survival-kit, L1/s06-weave-cafe-order-please, L1/s08-sayit-cafe-order, L1/s09-recap-survival-kit, L2/s02-meet-bonjour-je-suis-ici, L2/s03-fill-je-suis-blank, L2/s03-fill-je-suis-blank, L2/s07-sayit-arrive-locate, L2/s08-recap-first-engine, L3/s02-fill-verb-in-sandwich, L3/s02-fill-verb-in-sandwich, L4/s06-weave-bonjour-j-ai-une-question, L4/s07-sayit-how-you-feel, L6/s00-goal-petit-moment, L6/s01-meet-bonjour-at-the-door, L6/s01-meet-bonjour-at-the-door, L6/s03-weave-bonjour-je-suis-ici, L6/s00-insight-bonjour-to-au-revoir, L6/s00-insight-bonjour-to-au-revoir, L6/s07-sayit-step-in, L6/s10-recap-a-small-moment, L8/s06-sayit-find-the-room, L8/s06-sayit-find-the-room, L8/s07-recap-ou, L10/s09-meet-morning-arrival, L10/s02-weave-arrive-ask-where, L10/s02-weave-arrive-ask-where, L10/s05-weave-close-the-day, L10/s08-recap-full-day",,,,,,,,
QA-L04-203,C,L4,s08-recap-jai,recap,faim,hunger,gloss,Recap: You have feelings in French now.,,Chip listed back as a piece the learner used,recycled,read,noun-faim,,,,,(none on item),"also: L4/s00-goal-jai, L4/s00-meet-j-ai-faim, L4/s05-weave-j-ai-faim, L4/s07-sayit-how-you-feel",,,,,,,,
QA-L04-204,C,L4,s08-recap-jai,recap,j'ai,I have,gloss,Recap: You have feelings in French now.,,Chip listed back as a piece the learner used,recycled,read,chunk-j-ai,,,,,(none on item),"also: L4/s00-goal-jai, L4/s00-meet-j-ai-faim, L4/s02-fill-have-not-be, L4/s03-meet-j-ai-une-question, L4/s04-insight-jai-elision, L4/s05-weave-j-ai-faim, L4/s06-weave-bonjour-j-ai-une-question, L4/s07-sayit-how-you-feel, L5/s06-weave-j-ai-une-question, L6/s00-goal-petit-moment, L6/s05-weave-j-ai-une-question, L6/s07-sayit-step-in, L6/s10-recap-a-small-moment",,,,,,,,
QA-L04-205,C,L4,s08-recap-jai,recap,une question,a question,gloss,Recap: You have feelings in French now.,,Chip listed back as a piece the learner used,recycled,read,chunk-une-question,,,,,(none on item),"also: L4/s00-goal-jai, L4/s03-meet-j-ai-une-question, L4/s06-weave-bonjour-j-ai-une-question, L5/s00-goal-un-une, L5/s01-meet-une-question, L5/s03-fill-package-cafe, L5/s04-fill-package-question, L5/s02-insight-little-packages, L5/s04b-fill-choose-package, L5/s06-weave-j-ai-une-question, L5/s08-recap-packages, L6/s00-goal-petit-moment, L6/s05-weave-j-ai-une-question, L6/s07-sayit-step-in, L6/s10-recap-a-small-moment",,,,,,,,
QA-L04-206,F,L4,s08-recap-jai,recap,j'ai faim,I am hungry,gloss,Recap: You have feelings in French now.,You said j'ai faim for I am hungry.,French named inside recap copy,recognition,read,chunk-j-ai-faim,,,,,(none on item),"also: L4/s00-meet-j-ai-faim, L4/s01-insight-have-for-feelings, L4/s01-insight-have-for-feelings, L4/s02-fill-have-not-be, L4/s02-fill-have-not-be, L4/s03b-fill-where-feel-have, L4/s03b-fill-where-feel-have, L4/s05-weave-j-ai-faim, L4/s05-weave-j-ai-faim, L4/s07-sayit-how-you-feel, L4/s07-sayit-how-you-feel, L6/s02-fill-right-place",,,,,,,,
QA-L04-207,F,L4,s08-recap-jai,recap,j'ai une question,I have a question,gloss,Recap: You have feelings in French now.,You used j'ai for a thing too: j'ai une question.,French named inside recap copy,recognition,read,chunk-j-ai-une-question,,,,,(none on item),"also: L4/s01-insight-have-for-feelings, L4/s01-insight-have-for-feelings, L4/s03-meet-j-ai-une-question, L4/s03b-fill-where-feel-have, L4/s06-weave-bonjour-j-ai-une-question, L5/s02-insight-little-packages, L5/s06-weave-j-ai-une-question, L5/s08-recap-packages, L6/s04-fill-decline-offer, L6/s05-weave-j-ai-une-question, L6/s05-weave-j-ai-une-question",,,,,,,,
QA-L05-208,F,L5,s00-goal-un-une,insight-card,un café,a coffee,gloss,"Insight card: Little words, small packages","Today: the little words that travel with a noun. By the end: you can ask for and name things with the right little word. Main pieces: un café, une question.",French named inside explanatory copy,recognition,read,chunk-un-cafe,,,,,(none on item),"also: L1/s04-weave-cafe-order, L1/s06-weave-cafe-order-please, L1/s08-sayit-cafe-order, L1/s09-recap-survival-kit, L5/s00-meet-un-cafe, L5/s03-fill-package-cafe, L5/s04-fill-package-question, L5/s02-insight-little-packages, L5/s04b-fill-choose-package, L5/s05-weave-je-voudrais-un-cafe, L5/s07-sayit-ask-for-a-coffee, L5/s08-recap-packages",,,,,,,,
QA-L05-209,F,L5,s00-goal-un-une,insight-card,une question,a question,gloss,"Insight card: Little words, small packages","Today: the little words that travel with a noun. By the end: you can ask for and name things with the right little word. Main pieces: un café, une question.",French named inside explanatory copy,recognition,read,chunk-une-question,,,,,(none on item),"also: L4/s00-goal-jai, L4/s03-meet-j-ai-une-question, L4/s06-weave-bonjour-j-ai-une-question, L4/s08-recap-jai, L5/s01-meet-une-question, L5/s03-fill-package-cafe, L5/s04-fill-package-question, L5/s02-insight-little-packages, L5/s04b-fill-choose-package, L5/s06-weave-j-ai-une-question, L5/s08-recap-packages, L6/s00-goal-petit-moment, L6/s05-weave-j-ai-une-question, L6/s07-sayit-step-in, L6/s10-recap-a-small-moment",,,,,,,,
QA-L05-210,C,L5,s00-meet-un-cafe,meet-card,un café,a coffee,gloss,Café comes with un.,,First contact / re-contact: Café comes with un.,active-new,listen,chunk-un-cafe noun-cafe,,,un café → chunk-un-cafe,,(none on item),"also: L1/s04-weave-cafe-order, L1/s06-weave-cafe-order-please, L1/s08-sayit-cafe-order, L1/s09-recap-survival-kit, L5/s00-goal-un-une, L5/s03-fill-package-cafe, L5/s04-fill-package-question, L5/s02-insight-little-packages, L5/s04b-fill-choose-package, L5/s05-weave-je-voudrais-un-cafe, L5/s07-sayit-ask-for-a-coffee, L5/s08-recap-packages",,,,,,,,
QA-L05-211,C,L5,s01-meet-une-question,meet-card,une question,a question,gloss,Question comes with une.,,First contact / re-contact: Question comes with une.,supported,listen,chunk-une-question noun-question,,,une question → chunk-une-question,,(none on item),"also: L4/s00-goal-jai, L4/s03-meet-j-ai-une-question, L4/s06-weave-bonjour-j-ai-une-question, L4/s08-recap-jai, L5/s00-goal-un-une, L5/s03-fill-package-cafe, L5/s04-fill-package-question, L5/s02-insight-little-packages, L5/s04b-fill-choose-package, L5/s06-weave-j-ai-une-question, L5/s08-recap-packages, L6/s00-goal-petit-moment, L6/s05-weave-j-ai-une-question, L6/s07-sayit-step-in, L6/s10-recap-a-small-moment",,,,,,,,
QA-L05-212,B,L5,s03-fill-package-cafe,fill-with-traps,un café,a coffee,gloss,Which little word travels with café?,"Café travels with un: un café. ⏐ Café travels with un: un café. une goes with other words, like une question.",Natural full sentence shown after the choice,model-only,read,chunk-un-cafe,,,,,(none on item),"fields: payload.reveal.natural ; payload.reveal.explanation (inline) ; payload.options[opt-une].trapReason (inline) || also: L1/s04-weave-cafe-order, L1/s06-weave-cafe-order-please, L1/s08-sayit-cafe-order, L1/s09-recap-survival-kit, L5/s00-goal-un-une, L5/s00-meet-un-cafe, L5/s04-fill-package-question, L5/s02-insight-little-packages, L5/s04b-fill-choose-package, L5/s05-weave-je-voudrais-un-cafe, L5/s07-sayit-ask-for-a-coffee, L5/s08-recap-packages",,,,,,,,
QA-L05-213,C,L5,s03-fill-package-cafe,fill-with-traps,___ café.,(no English gloss presented),none,Which little word travels with café?,,The French frame the blank sits in,recognition,read,chunk-un-cafe,,,,,(none on item),unique to this screen,,,,,,,,
QA-L05-214,C,L5,s03-fill-package-cafe,fill-with-traps,un,(no English gloss presented),none,Which little word travels with café?,,The option that completes the frame,recognition,choose,chunk-un-cafe,,,,,(none on item),also: L5/s04-fill-package-question,,,,,,,,
QA-L05-215,C,L5,s03-fill-package-cafe,fill-with-traps,une,(no English gloss presented),none,Which little word travels with café?,,"Distractor — shown reason: Café travels with un: un café. une goes with other words, like une question.",recognition,choose,chunk-un-cafe,,,,,(none on item),also: L5/s04-fill-package-question,,,,,,,,
QA-L05-216,F,L5,s03-fill-package-cafe,fill-with-traps,une question,a question,gloss,Which little word travels with café?,"Café travels with un: un café. une goes with other words, like une question.",French named inside feedback copy,recognition,read,chunk-une-question,,,,,(none on item),"also: L4/s00-goal-jai, L4/s03-meet-j-ai-une-question, L4/s06-weave-bonjour-j-ai-une-question, L4/s08-recap-jai, L5/s00-goal-un-une, L5/s01-meet-une-question, L5/s04-fill-package-question, L5/s02-insight-little-packages, L5/s04b-fill-choose-package, L5/s06-weave-j-ai-une-question, L5/s08-recap-packages, L6/s00-goal-petit-moment, L6/s05-weave-j-ai-une-question, L6/s07-sayit-step-in, L6/s10-recap-a-small-moment",,,,,,,,
QA-L05-217,B,L5,s04-fill-package-question,fill-with-traps,une question,a question,gloss,You have something to ask. Which little word travels with question?,Question travels with une: une question. ⏐ Question travels with une: une question. un goes with café: un café.,Natural full sentence shown after the choice,model-only,read,chunk-une-question,,,,,(none on item),"fields: payload.reveal.natural ; payload.reveal.explanation (inline) ; payload.options[opt-un].trapReason (inline) || also: L4/s00-goal-jai, L4/s03-meet-j-ai-une-question, L4/s06-weave-bonjour-j-ai-une-question, L4/s08-recap-jai, L5/s00-goal-un-une, L5/s01-meet-une-question, L5/s03-fill-package-cafe, L5/s02-insight-little-packages, L5/s04b-fill-choose-package, L5/s06-weave-j-ai-une-question, L5/s08-recap-packages, L6/s00-goal-petit-moment, L6/s05-weave-j-ai-une-question, L6/s07-sayit-step-in, L6/s10-recap-a-small-moment",,,,,,,,
QA-L05-218,C,L5,s04-fill-package-question,fill-with-traps,___ question.,(no English gloss presented),none,You have something to ask. Which little word travels with question?,,The French frame the blank sits in,recognition,read,chunk-une-question,,,,,(none on item),unique to this screen,,,,,,,,
QA-L05-219,C,L5,s04-fill-package-question,fill-with-traps,un,(no English gloss presented),none,You have something to ask. Which little word travels with question?,,Distractor — shown reason: Question travels with une: une question. un goes with café: un café.,recognition,choose,chunk-une-question,,,,,(none on item),also: L5/s03-fill-package-cafe,,,,,,,,
QA-L05-220,C,L5,s04-fill-package-question,fill-with-traps,une,(no English gloss presented),none,You have something to ask. Which little word travels with question?,,The option that completes the frame,recognition,choose,chunk-une-question,,,,,(none on item),also: L5/s03-fill-package-cafe,,,,,,,,
QA-L05-221,F,L5,s04-fill-package-question,fill-with-traps,un café,a coffee,gloss,You have something to ask. Which little word travels with question?,Question travels with une: une question. un goes with café: un café.,French named inside feedback copy,recognition,read,chunk-un-cafe,,,,,(none on item),"also: L1/s04-weave-cafe-order, L1/s06-weave-cafe-order-please, L1/s08-sayit-cafe-order, L1/s09-recap-survival-kit, L5/s00-goal-un-une, L5/s00-meet-un-cafe, L5/s03-fill-package-cafe, L5/s02-insight-little-packages, L5/s04b-fill-choose-package, L5/s05-weave-je-voudrais-un-cafe, L5/s07-sayit-ask-for-a-coffee, L5/s08-recap-packages",,,,,,,,
QA-L05-222,F,L5,s02-insight-little-packages,insight-card,J'ai une question.,I have a question.,gloss,Insight card: Words come in small packages.,,"Illustrative example inside ""Words come in small packages.""",recognition,read,chunk-j-ai-une-question,,,,,(none on item),"also: L4/s01-insight-have-for-feelings, L4/s01-insight-have-for-feelings, L4/s03-meet-j-ai-une-question, L4/s03b-fill-where-feel-have, L4/s06-weave-bonjour-j-ai-une-question, L4/s08-recap-jai, L5/s06-weave-j-ai-une-question, L5/s08-recap-packages, L6/s04-fill-decline-offer, L6/s05-weave-j-ai-une-question, L6/s05-weave-j-ai-une-question",,,,,,,,
QA-L05-223,F,L5,s02-insight-little-packages,insight-card,Je voudrais un café.,I would like a coffee.,gloss,Insight card: Words come in small packages.,,"Illustrative example inside ""Words come in small packages.""",recognition,read,chunk-je-voudrais chunk-un-cafe,,,,,(none on item),"also: L5/s05-weave-je-voudrais-un-cafe, L5/s07-sayit-ask-for-a-coffee, L9/s10-insight-what-you-can-ask",,,,,,,,
QA-L05-224,F,L5,s02-insight-little-packages,insight-card,un café,a coffee,gloss,Insight card: Words come in small packages.,"Many French words travel with a little word in front. Café comes as un café. Question comes as une question. Learn the package, not a rule: un café, une question.","Illustrative example inside ""Words come in small packages.""",recognition,read,chunk-un-cafe,,,,,(none on item),"fields: payload.examples[].fr ; payload.body (inline) || also: L1/s04-weave-cafe-order, L1/s06-weave-cafe-order-please, L1/s08-sayit-cafe-order, L1/s09-recap-survival-kit, L5/s00-goal-un-une, L5/s00-meet-un-cafe, L5/s03-fill-package-cafe, L5/s04-fill-package-question, L5/s04b-fill-choose-package, L5/s05-weave-je-voudrais-un-cafe, L5/s07-sayit-ask-for-a-coffee, L5/s08-recap-packages",,,,,,,,
QA-L05-225,F,L5,s02-insight-little-packages,insight-card,une question,a question,gloss,Insight card: Words come in small packages.,"Many French words travel with a little word in front. Café comes as un café. Question comes as une question. Learn the package, not a rule: un café, une question.","Illustrative example inside ""Words come in small packages.""",recognition,read,chunk-une-question,,,,,(none on item),"fields: payload.examples[].fr ; payload.body (inline) || also: L4/s00-goal-jai, L4/s03-meet-j-ai-une-question, L4/s06-weave-bonjour-j-ai-une-question, L4/s08-recap-jai, L5/s00-goal-un-une, L5/s01-meet-une-question, L5/s03-fill-package-cafe, L5/s04-fill-package-question, L5/s04b-fill-choose-package, L5/s06-weave-j-ai-une-question, L5/s08-recap-packages, L6/s00-goal-petit-moment, L6/s05-weave-j-ai-une-question, L6/s07-sayit-step-in, L6/s10-recap-a-small-moment",,,,,,,,
QA-L05-226,B,L5,s04b-fill-choose-package,fill-with-traps,une question,a question,gloss,You have a question. Which French package fits?,"You are not choosing a loose word. You are choosing the package: une question. The same way, the coffee package is un café. ⏐ In French, the noun travels with its little word here: une question. ⏐ This package is not the one we use here. Keep it as: une question.",The option that completes the frame,model-only,choose,chunk-une-question,,,,,(none on item),"fields: payload.options[opt-une-question].text (correct) ; payload.reveal.natural ; payload.reveal.explanation (inline) ; payload.options[opt-bare-question].trapReason (inline) ; payload.options[opt-un-question].trapReason (inline) || also: L4/s00-goal-jai, L4/s03-meet-j-ai-une-question, L4/s06-weave-bonjour-j-ai-une-question, L4/s08-recap-jai, L5/s00-goal-un-une, L5/s01-meet-une-question, L5/s03-fill-package-cafe, L5/s04-fill-package-question, L5/s02-insight-little-packages, L5/s06-weave-j-ai-une-question, L5/s08-recap-packages, L6/s00-goal-petit-moment, L6/s05-weave-j-ai-une-question, L6/s07-sayit-step-in, L6/s10-recap-a-small-moment",,,,,,,,
QA-L05-227,C,L5,s04b-fill-choose-package,fill-with-traps,question,question,gloss,You have a question. Which French package fits?,,"Distractor — shown reason: In French, the noun travels with its little word here: une question.",recognition,choose,noun-question,,,,,(none on item),unique to this screen,,,,,,,,
QA-L05-228,C,L5,s04b-fill-choose-package,fill-with-traps,un café,a coffee,gloss,You have a question. Which French package fits?,"You are not choosing a loose word. You are choosing the package: une question. The same way, the coffee package is un café.","Distractor — shown reason: That is the coffee package, not the question package.",recognition,choose,chunk-un-cafe,,,,,(none on item),"fields: payload.options[opt-un-cafe].text (trap) ; payload.reveal.explanation (inline) || also: L1/s04-weave-cafe-order, L1/s06-weave-cafe-order-please, L1/s08-sayit-cafe-order, L1/s09-recap-survival-kit, L5/s00-goal-un-une, L5/s00-meet-un-cafe, L5/s03-fill-package-cafe, L5/s04-fill-package-question, L5/s02-insight-little-packages, L5/s05-weave-je-voudrais-un-cafe, L5/s07-sayit-ask-for-a-coffee, L5/s08-recap-packages",,,,,,,,
QA-L05-229,C,L5,s04b-fill-choose-package,fill-with-traps,un question,(no English gloss presented),none,You have a question. Which French package fits?,,Distractor — shown reason: This package is not the one we use here. Keep it as: une question.,recognition,choose,chunk-une-question chunk-un-cafe grammar-un-une-package,,,,,(none on item),unique to this screen,,,,,,,,
QA-L05-230,A,L5,s05-weave-je-voudrais-un-cafe,weave,Je voudrais un café.,I would like a coffee.,instruction,"Order at the counter, with the right little word.",,Typed production — context weave,active-new,type,chunk-je-voudrais chunk-un-cafe,,,,,(none on item),"also: L5/s02-insight-little-packages, L5/s07-sayit-ask-for-a-coffee, L9/s10-insight-what-you-can-ask",,,,,,,,
QA-L05-231,C,L5,s05-weave-je-voudrais-un-cafe,weave,je voudrais,I would like,gloss,"Order at the counter, with the right little word.",,"Support piece shown as ""polite request"" (required)",recognition,read,chunk-je-voudrais,,,"piece boundary ""je voudrais"" ↔ registry ""je voudrais""",,(none on item),"also: L1/s03-fill-polite-verb, L1/s04-weave-cafe-order, L1/s06-weave-cafe-order-please, L1/s11-weave-the-order, L1/s08-sayit-cafe-order, L1/s09-recap-survival-kit, L2/s03-fill-je-suis-blank, L3/s02-fill-verb-in-sandwich, L4/s02-fill-have-not-be, L4/s02-fill-have-not-be, L5/s07-sayit-ask-for-a-coffee, L5/s08-recap-packages, L7/s03-fill-je-vais-blank, L9/s00-goal-pause, L9/s01-meet-faire-une-pause, L9/s03-fill-faire-blank, L9/s02-insight-voudrais-carries-actions, L9/s04-weave-ask-for-a-break, L9/s05-weave-break-politely, L9/s10-insight-what-you-can-ask, L9/s06-sayit-long-afternoon, L9/s07-recap-pause, L10/s03-fill-engine-chooser, L10/s01-insight-three-engines, L10/s04-weave-midday-break, L10/s08-recap-full-day",,,,,,,,
QA-L05-232,C,L5,s05-weave-je-voudrais-un-cafe,weave,un café,a coffee,gloss,"Order at the counter, with the right little word.","The package stayed together: un café. ⏐ Right. un café is one piece, the little word included. ⏐ Your meaning lands. Keep the package whole: un café. ⏐ Add the little word: un café, not just café.","Support piece shown as ""noun package"" (required)",recognition,read,chunk-un-cafe,,,"piece boundary ""un café"" ↔ registry ""un café""",,(none on item),"fields: payload.suggestedPieces[].text (hint rung 1) ; payload.reveal.ifCorrect (inline) ; payload.reveal.ifCorrectButFlat (inline) ; payload.reveal.ifUnderstandableButWrong (inline) ; payload.reveal.ifMissingTargetPiece (inline) || also: L1/s04-weave-cafe-order, L1/s06-weave-cafe-order-please, L1/s08-sayit-cafe-order, L1/s09-recap-survival-kit, L5/s00-goal-un-une, L5/s00-meet-un-cafe, L5/s03-fill-package-cafe, L5/s04-fill-package-question, L5/s02-insight-little-packages, L5/s04b-fill-choose-package, L5/s07-sayit-ask-for-a-coffee, L5/s08-recap-packages",,,,,,,,
QA-L05-233,A,L5,s06-weave-j-ai-une-question,weave,J'ai une question.,I have a question.,instruction,You want to ask something. Use the right little word.,,Typed production — context weave,active-new,type,chunk-j-ai chunk-une-question,,,,J ai une question. | J ai une question | j ai une question,(none on item),"also: L4/s01-insight-have-for-feelings, L4/s01-insight-have-for-feelings, L4/s03-meet-j-ai-une-question, L4/s03b-fill-where-feel-have, L4/s06-weave-bonjour-j-ai-une-question, L4/s08-recap-jai, L5/s02-insight-little-packages, L5/s08-recap-packages, L6/s04-fill-decline-offer, L6/s05-weave-j-ai-une-question, L6/s05-weave-j-ai-une-question",,,,,,,,
QA-L05-234,E,L5,s06-weave-j-ai-une-question,weave,j ai une question,I have a question.,instruction,You want to ask something. Use the right little word.,,"Accepted instead of ""J'ai une question.""",accepted-alternative,type,chunk-j-ai chunk-une-question,,,,,(none on item),"also: L6/s05-weave-j-ai-une-question, L6/s05-weave-j-ai-une-question",,,,,,,,
QA-L05-235,E,L5,s06-weave-j-ai-une-question,weave,J ai une question,I have a question.,instruction,You want to ask something. Use the right little word.,,"Accepted instead of ""J'ai une question.""",accepted-alternative,type,chunk-j-ai chunk-une-question,,,,,(none on item),"also: L6/s05-weave-j-ai-une-question, L6/s05-weave-j-ai-une-question",,,,,,,,
QA-L05-236,E,L5,s06-weave-j-ai-une-question,weave,J ai une question.,I have a question.,instruction,You want to ask something. Use the right little word.,,"Accepted instead of ""J'ai une question.""",accepted-alternative,type,chunk-j-ai chunk-une-question,,,,,(none on item),"also: L6/s05-weave-j-ai-une-question, L6/s05-weave-j-ai-une-question",,,,,,,,
QA-L05-237,C,L5,s06-weave-j-ai-une-question,weave,j'ai,I have,gloss,You want to ask something. Use the right little word.,,"Support piece shown as ""I have"" (required)",recognition,read,chunk-j-ai,,,"piece boundary ""j'ai"" ↔ registry ""j'ai""",,(none on item),"also: L4/s00-goal-jai, L4/s00-meet-j-ai-faim, L4/s02-fill-have-not-be, L4/s03-meet-j-ai-une-question, L4/s04-insight-jai-elision, L4/s05-weave-j-ai-faim, L4/s06-weave-bonjour-j-ai-une-question, L4/s07-sayit-how-you-feel, L4/s08-recap-jai, L6/s00-goal-petit-moment, L6/s05-weave-j-ai-une-question, L6/s07-sayit-step-in, L6/s10-recap-a-small-moment",,,,,,,,
QA-L05-238,C,L5,s06-weave-j-ai-une-question,weave,une question,a question,gloss,You want to ask something. Use the right little word.,The other package: une question. ⏐ Right. une question is one piece too. ⏐ Your meaning lands. The little word travels with it: une question. ⏐ Keep une with question: une question.,"Support piece shown as ""noun package"" (required)",recognition,read,chunk-une-question,,,"piece boundary ""une question"" ↔ registry ""une question""",,(none on item),"fields: payload.suggestedPieces[].text (hint rung 1) ; payload.reveal.ifCorrect (inline) ; payload.reveal.ifCorrectButFlat (inline) ; payload.reveal.ifUnderstandableButWrong (inline) ; payload.reveal.ifMissingTargetPiece (inline) || also: L4/s00-goal-jai, L4/s03-meet-j-ai-une-question, L4/s06-weave-bonjour-j-ai-une-question, L4/s08-recap-jai, L5/s00-goal-un-une, L5/s01-meet-une-question, L5/s03-fill-package-cafe, L5/s04-fill-package-question, L5/s02-insight-little-packages, L5/s04b-fill-choose-package, L5/s08-recap-packages, L6/s00-goal-petit-moment, L6/s05-weave-j-ai-une-question, L6/s07-sayit-step-in, L6/s10-recap-a-small-moment",,,,,,,,
QA-L05-239,B,L5,s07-sayit-ask-for-a-coffee,say-it-your-way,Je voudrais un café.,"Ask for an object, package included.",instruction,You are at a counter and you want a coffee. Ask for it with the right little word in front.,,Model answer for the open task,model-only,read,chunk-je-voudrais chunk-un-cafe,,,,,(none on item),"also: L5/s02-insight-little-packages, L5/s05-weave-je-voudrais-un-cafe, L9/s10-insight-what-you-can-ask",,,,,,,,
QA-L05-240,B,L5,s07-sayit-ask-for-a-coffee,say-it-your-way,"Un café, s'il vous plaît.","Ask for an object, package included.",instruction,You are at a counter and you want a coffee. Ask for it with the right little word in front.,,Alternative natural version shown in the reveal,model-only,read,chunk-je-voudrais chunk-un-cafe,,,,,(none on item),unique to this screen,,,,,,,,
QA-L05-241,C,L5,s07-sayit-ask-for-a-coffee,say-it-your-way,je voudrais,I would like,gloss,You are at a counter and you want a coffee. Ask for it with the right little word in front.,,Support piece for the open task,recognition,read,chunk-je-voudrais,,,"piece boundary ""je voudrais"" ↔ registry ""je voudrais""",,(none on item),"also: L1/s03-fill-polite-verb, L1/s04-weave-cafe-order, L1/s06-weave-cafe-order-please, L1/s11-weave-the-order, L1/s08-sayit-cafe-order, L1/s09-recap-survival-kit, L2/s03-fill-je-suis-blank, L3/s02-fill-verb-in-sandwich, L4/s02-fill-have-not-be, L4/s02-fill-have-not-be, L5/s05-weave-je-voudrais-un-cafe, L5/s08-recap-packages, L7/s03-fill-je-vais-blank, L9/s00-goal-pause, L9/s01-meet-faire-une-pause, L9/s03-fill-faire-blank, L9/s02-insight-voudrais-carries-actions, L9/s04-weave-ask-for-a-break, L9/s05-weave-break-politely, L9/s10-insight-what-you-can-ask, L9/s06-sayit-long-afternoon, L9/s07-recap-pause, L10/s03-fill-engine-chooser, L10/s01-insight-three-engines, L10/s04-weave-midday-break, L10/s08-recap-full-day",,,,,,,,
QA-L05-242,C,L5,s07-sayit-ask-for-a-coffee,say-it-your-way,un café,a coffee,gloss,You are at a counter and you want a coffee. Ask for it with the right little word in front.,Both work. The little word un stays with café either way: un café.,Support piece for the open task,recognition,read,chunk-un-cafe,,,"piece boundary ""un café"" ↔ registry ""un café""",,(none on item),"fields: payload.suggestedPieces[].text (opt-in support) ; payload.reveal.explanation (inline) || also: L1/s04-weave-cafe-order, L1/s06-weave-cafe-order-please, L1/s08-sayit-cafe-order, L1/s09-recap-survival-kit, L5/s00-goal-un-une, L5/s00-meet-un-cafe, L5/s03-fill-package-cafe, L5/s04-fill-package-question, L5/s02-insight-little-packages, L5/s04b-fill-choose-package, L5/s05-weave-je-voudrais-un-cafe, L5/s08-recap-packages",,,,,,,,
QA-L05-243,C,L5,s08-recap-packages,recap,un café,a coffee,gloss,Recap: The little words are yours now.,"You learned un café and une question. ⏐ You used them in real requests: je voudrais un café, j'ai une question.",Chip listed back as a piece the learner used,recycled,read,chunk-un-cafe,,,,,(none on item),"fields: payload.piecesUsed[0] ; payload.lines[1] (inline) ; payload.lines[2] (inline) || also: L1/s04-weave-cafe-order, L1/s06-weave-cafe-order-please, L1/s08-sayit-cafe-order, L1/s09-recap-survival-kit, L5/s00-goal-un-une, L5/s00-meet-un-cafe, L5/s03-fill-package-cafe, L5/s04-fill-package-question, L5/s02-insight-little-packages, L5/s04b-fill-choose-package, L5/s05-weave-je-voudrais-un-cafe, L5/s07-sayit-ask-for-a-coffee",,,,,,,,
QA-L05-244,C,L5,s08-recap-packages,recap,une question,a question,gloss,Recap: The little words are yours now.,You learned un café and une question.,Chip listed back as a piece the learner used,recycled,read,chunk-une-question,,,,,(none on item),"fields: payload.piecesUsed[1] ; payload.lines[1] (inline) || also: L4/s00-goal-jai, L4/s03-meet-j-ai-une-question, L4/s06-weave-bonjour-j-ai-une-question, L4/s08-recap-jai, L5/s00-goal-un-une, L5/s01-meet-une-question, L5/s03-fill-package-cafe, L5/s04-fill-package-question, L5/s02-insight-little-packages, L5/s04b-fill-choose-package, L5/s06-weave-j-ai-une-question, L6/s00-goal-petit-moment, L6/s05-weave-j-ai-une-question, L6/s07-sayit-step-in, L6/s10-recap-a-small-moment",,,,,,,,
QA-L05-245,F,L5,s08-recap-packages,recap,j'ai une question,I have a question,gloss,Recap: The little words are yours now.,"You used them in real requests: je voudrais un café, j'ai une question.",French named inside recap copy,recognition,read,chunk-j-ai-une-question,,,,,(none on item),"also: L4/s01-insight-have-for-feelings, L4/s01-insight-have-for-feelings, L4/s03-meet-j-ai-une-question, L4/s03b-fill-where-feel-have, L4/s06-weave-bonjour-j-ai-une-question, L4/s08-recap-jai, L5/s02-insight-little-packages, L5/s06-weave-j-ai-une-question, L6/s04-fill-decline-offer, L6/s05-weave-j-ai-une-question, L6/s05-weave-j-ai-une-question",,,,,,,,
QA-L05-246,F,L5,s08-recap-packages,recap,je voudrais,I would like,gloss,Recap: The little words are yours now.,"You used them in real requests: je voudrais un café, j'ai une question.",French named inside recap copy,recognition,read,chunk-je-voudrais,,,,,(none on item),"also: L1/s03-fill-polite-verb, L1/s04-weave-cafe-order, L1/s06-weave-cafe-order-please, L1/s11-weave-the-order, L1/s08-sayit-cafe-order, L1/s09-recap-survival-kit, L2/s03-fill-je-suis-blank, L3/s02-fill-verb-in-sandwich, L4/s02-fill-have-not-be, L4/s02-fill-have-not-be, L5/s05-weave-je-voudrais-un-cafe, L5/s07-sayit-ask-for-a-coffee, L7/s03-fill-je-vais-blank, L9/s00-goal-pause, L9/s01-meet-faire-une-pause, L9/s03-fill-faire-blank, L9/s02-insight-voudrais-carries-actions, L9/s04-weave-ask-for-a-break, L9/s05-weave-break-politely, L9/s10-insight-what-you-can-ask, L9/s06-sayit-long-afternoon, L9/s07-recap-pause, L10/s03-fill-engine-chooser, L10/s01-insight-three-engines, L10/s04-weave-midday-break, L10/s08-recap-full-day",,,,,,,,
QA-L06-247,F,L6,s00-goal-petit-moment,insight-card,au revoir,goodbye,gloss,Insight card: One small moment,"Today: no new rule. By the end: you can carry one small human moment with pieces you already built. Main pieces: bonjour, je suis, ici, j'ai, une question, merci, au revoir.",French named inside explanatory copy,recognition,read,chunk-au-revoir,,,,,(none on item),"also: L6/s00-insight-bonjour-to-au-revoir, L6/s00-insight-bonjour-to-au-revoir, L6/s06-meet-au-revoir, L6/s06-meet-au-revoir, L6/s08-weave-close-open, L6/s10-recap-a-small-moment, L6/s10-recap-a-small-moment, L7/s05-weave-close-the-moment, L7/s10-insight-leaving-two-moves, L7/s06-sayit-take-your-leave, L7/s07-recap-heading-home, L9/s08-fill-softener, L10/s05-weave-close-the-day, L10/s07-sayit-take-your-leave, L10/s08-recap-full-day",,,,,,,,
QA-L06-248,F,L6,s00-goal-petit-moment,insight-card,Bonjour,Hello,gloss,Insight card: One small moment,"Today: no new rule. By the end: you can carry one small human moment with pieces you already built. Main pieces: bonjour, je suis, ici, j'ai, une question, merci, au revoir.",French named inside explanatory copy,recognition,read,chunk-bonjour,,,,,(none on item),"also: L1/s04-weave-cafe-order, L1/s01-insight-survival-kit, L1/s06-weave-cafe-order-please, L1/s08-sayit-cafe-order, L1/s09-recap-survival-kit, L2/s02-meet-bonjour-je-suis-ici, L2/s03-fill-je-suis-blank, L2/s03-fill-je-suis-blank, L2/s07-sayit-arrive-locate, L2/s08-recap-first-engine, L3/s02-fill-verb-in-sandwich, L3/s02-fill-verb-in-sandwich, L4/s06-weave-bonjour-j-ai-une-question, L4/s07-sayit-how-you-feel, L4/s08-recap-jai, L6/s01-meet-bonjour-at-the-door, L6/s01-meet-bonjour-at-the-door, L6/s03-weave-bonjour-je-suis-ici, L6/s00-insight-bonjour-to-au-revoir, L6/s00-insight-bonjour-to-au-revoir, L6/s07-sayit-step-in, L6/s10-recap-a-small-moment, L8/s06-sayit-find-the-room, L8/s06-sayit-find-the-room, L8/s07-recap-ou, L10/s09-meet-morning-arrival, L10/s02-weave-arrive-ask-where, L10/s02-weave-arrive-ask-where, L10/s05-weave-close-the-day, L10/s08-recap-full-day",,,,,,,,
QA-L06-249,F,L6,s00-goal-petit-moment,insight-card,ici,here,gloss,Insight card: One small moment,"Today: no new rule. By the end: you can carry one small human moment with pieces you already built. Main pieces: bonjour, je suis, ici, j'ai, une question, merci, au revoir.",French named inside explanatory copy,recognition,read,word-ici,,,,,(none on item),"also: L2/s00-goal-etre, L2/s00-meet-je-suis-ici, L2/s02-meet-bonjour-je-suis-ici, L2/s03-fill-je-suis-blank, L2/s04-weave-je-suis-ici, L2/s05-weave-call-and-respond, L2/s07-sayit-arrive-locate, L2/s08-recap-first-engine, L3/s06-weave-je-ne-suis-pas-ici, L3/s07-weave-ce-n-est-pas-ici, L3/s08-weave-non-je-ne-suis-pas-ici, L3/s09-sayit-not-here, L4/s00-goal-jai, L6/s03-weave-bonjour-je-suis-ici, L6/s07-sayit-step-in, L6/s10-recap-a-small-moment, L8/s00-goal-ou, L8/s03-fill-c-est-blank, L8/s08-meet-c-est-ici, L8/s09-fill-which-side, L8/s05-weave-answer-here, L8/s10-reveal-both-sides, L8/s07-recap-ou",,,,,,,,
QA-L06-250,F,L6,s00-goal-petit-moment,insight-card,j'ai,I have,gloss,Insight card: One small moment,"Today: no new rule. By the end: you can carry one small human moment with pieces you already built. Main pieces: bonjour, je suis, ici, j'ai, une question, merci, au revoir.",French named inside explanatory copy,recognition,read,chunk-j-ai,,,,,(none on item),"also: L4/s00-goal-jai, L4/s00-meet-j-ai-faim, L4/s02-fill-have-not-be, L4/s03-meet-j-ai-une-question, L4/s04-insight-jai-elision, L4/s05-weave-j-ai-faim, L4/s06-weave-bonjour-j-ai-une-question, L4/s07-sayit-how-you-feel, L4/s08-recap-jai, L5/s06-weave-j-ai-une-question, L6/s05-weave-j-ai-une-question, L6/s07-sayit-step-in, L6/s10-recap-a-small-moment",,,,,,,,
QA-L06-251,F,L6,s00-goal-petit-moment,insight-card,je suis,I am,gloss,Insight card: One small moment,"Today: no new rule. By the end: you can carry one small human moment with pieces you already built. Main pieces: bonjour, je suis, ici, j'ai, une question, merci, au revoir.",French named inside explanatory copy,recognition,read,chunk-je-suis,,,,,(none on item),"also: L1/s03-fill-polite-verb, L2/s00-goal-etre, L2/s00-meet-je-suis-ici, L2/s01-insight-je-suis-engine, L2/s02-meet-bonjour-je-suis-ici, L2/s03-fill-je-suis-blank, L2/s04-weave-je-suis-ici, L2/s05-weave-call-and-respond, L2/s07-sayit-arrive-locate, L2/s08-recap-first-engine, L3/s01-insight-ne-pas-sandwich, L3/s10-recap-negation, L4/s00-goal-jai, L4/s01-insight-have-for-feelings, L4/s02-fill-have-not-be, L4/s02-fill-have-not-be, L6/s03-weave-bonjour-je-suis-ici, L6/s07-sayit-step-in, L6/s10-recap-a-small-moment, L7/s02-insight-je-vais-frozen, L7/s03-fill-je-vais-blank, L10/s03-fill-engine-chooser, L10/s01-insight-three-engines",,,,,,,,
QA-L06-252,F,L6,s00-goal-petit-moment,insight-card,merci,thank you,gloss,Insight card: One small moment,"Today: no new rule. By the end: you can carry one small human moment with pieces you already built. Main pieces: bonjour, je suis, ici, j'ai, une question, merci, au revoir.",French named inside explanatory copy,recognition,read,chunk-merci,sent:l01-merci,,,,founder_waived_provisional,"also: L1/s00-goal-survival-kit, L1/s01-insight-survival-kit, L1/s07-meet-merci, L1/s07-meet-merci, L1/s10-weave-merci-thanks, L1/s10-weave-merci-thanks, L1/s10-weave-merci-thanks, L1/s08-sayit-cafe-order, L1/s09-recap-survival-kit, L3/s05-fill-refuse-politely, L6/s04-fill-decline-offer, L6/s04-fill-decline-offer, L6/s08-weave-close-open, L6/s10-recap-a-small-moment, L7/s06-sayit-take-your-leave, L7/s07-recap-heading-home, L9/s08-fill-softener, L10/s07-sayit-take-your-leave",,,,,,,,
QA-L06-253,F,L6,s00-goal-petit-moment,insight-card,une question,a question,gloss,Insight card: One small moment,"Today: no new rule. By the end: you can carry one small human moment with pieces you already built. Main pieces: bonjour, je suis, ici, j'ai, une question, merci, au revoir.",French named inside explanatory copy,recognition,read,chunk-une-question,,,,,(none on item),"also: L4/s00-goal-jai, L4/s03-meet-j-ai-une-question, L4/s06-weave-bonjour-j-ai-une-question, L4/s08-recap-jai, L5/s00-goal-un-une, L5/s01-meet-une-question, L5/s03-fill-package-cafe, L5/s04-fill-package-question, L5/s02-insight-little-packages, L5/s04b-fill-choose-package, L5/s06-weave-j-ai-une-question, L5/s08-recap-packages, L6/s05-weave-j-ai-une-question, L6/s07-sayit-step-in, L6/s10-recap-a-small-moment",,,,,,,,
QA-L06-254,C,L6,s01-meet-bonjour-at-the-door,meet-card,Bonjour,Hello,gloss,At the door.,,Highlighted chunk boundary inside the meet sentence,recognition,read,chunk-bonjour,,,"highlight span of ""Bonjour.""",,(none on item),"also: L1/s04-weave-cafe-order, L1/s01-insight-survival-kit, L1/s06-weave-cafe-order-please, L1/s08-sayit-cafe-order, L1/s09-recap-survival-kit, L2/s02-meet-bonjour-je-suis-ici, L2/s03-fill-je-suis-blank, L2/s03-fill-je-suis-blank, L2/s07-sayit-arrive-locate, L2/s08-recap-first-engine, L3/s02-fill-verb-in-sandwich, L3/s02-fill-verb-in-sandwich, L4/s06-weave-bonjour-j-ai-une-question, L4/s07-sayit-how-you-feel, L4/s08-recap-jai, L6/s00-goal-petit-moment, L6/s03-weave-bonjour-je-suis-ici, L6/s00-insight-bonjour-to-au-revoir, L6/s00-insight-bonjour-to-au-revoir, L6/s07-sayit-step-in, L6/s10-recap-a-small-moment, L8/s06-sayit-find-the-room, L8/s06-sayit-find-the-room, L8/s07-recap-ou, L10/s09-meet-morning-arrival, L10/s02-weave-arrive-ask-where, L10/s02-weave-arrive-ask-where, L10/s05-weave-close-the-day, L10/s08-recap-full-day",,,,,,,,
QA-L06-255,C,L6,s01-meet-bonjour-at-the-door,meet-card,Bonjour.,Hello.,gloss,At the door.,,First contact / re-contact: At the door.,recycled,listen,chunk-bonjour,,,Bonjour → chunk-bonjour,,(none on item),"also: L1/s04-weave-cafe-order, L1/s01-insight-survival-kit, L1/s06-weave-cafe-order-please, L1/s08-sayit-cafe-order, L1/s09-recap-survival-kit, L2/s02-meet-bonjour-je-suis-ici, L2/s03-fill-je-suis-blank, L2/s03-fill-je-suis-blank, L2/s07-sayit-arrive-locate, L2/s08-recap-first-engine, L3/s02-fill-verb-in-sandwich, L3/s02-fill-verb-in-sandwich, L4/s06-weave-bonjour-j-ai-une-question, L4/s07-sayit-how-you-feel, L4/s08-recap-jai, L6/s00-goal-petit-moment, L6/s03-weave-bonjour-je-suis-ici, L6/s00-insight-bonjour-to-au-revoir, L6/s00-insight-bonjour-to-au-revoir, L6/s07-sayit-step-in, L6/s10-recap-a-small-moment, L8/s06-sayit-find-the-room, L8/s06-sayit-find-the-room, L8/s07-recap-ou, L10/s09-meet-morning-arrival, L10/s02-weave-arrive-ask-where, L10/s02-weave-arrive-ask-where, L10/s05-weave-close-the-day, L10/s08-recap-full-day",,,,,,,,
QA-L06-256,B,L6,s02-fill-right-place,fill-with-traps,Je suis ici.,(no English gloss presented),none,You reach the right door and step in. What do you say?,,The option that completes the frame,model-only,choose,chunk-je-suis-ici chunk-je-ne-suis-pas,,,,,(none on item),"fields: payload.options[opt-ici].text (correct) ; payload.reveal.natural || also: L2/s00-meet-je-suis-ici, L2/s01-insight-je-suis-engine, L2/s03-fill-je-suis-blank, L2/s04-weave-je-suis-ici, L2/s04-weave-je-suis-ici, L2/s06-insight-shape-noticed, L2/s06-insight-shape-noticed, L2/s05-weave-call-and-respond, L2/s05-weave-call-and-respond, L2/s07-sayit-arrive-locate, L2/s07-sayit-arrive-locate, L3/s01-insight-ne-pas-sandwich, L4/s01-insight-have-for-feelings, L4/s03b-fill-where-feel-have, L4/s03b-fill-where-feel-have, L6/s03-weave-bonjour-je-suis-ici, L10/s01-insight-three-engines",,,,,,,,
QA-L06-257,C,L6,s02-fill-right-place,fill-with-traps,J'ai faim.,(no English gloss presented),none,You reach the right door and step in. What do you say?,,"Distractor — shown reason: That is a feeling, not where you are.",recognition,choose,chunk-je-suis-ici chunk-je-ne-suis-pas,,,,,(none on item),"also: L4/s00-meet-j-ai-faim, L4/s01-insight-have-for-feelings, L4/s01-insight-have-for-feelings, L4/s02-fill-have-not-be, L4/s02-fill-have-not-be, L4/s03b-fill-where-feel-have, L4/s03b-fill-where-feel-have, L4/s05-weave-j-ai-faim, L4/s05-weave-j-ai-faim, L4/s07-sayit-how-you-feel, L4/s07-sayit-how-you-feel, L4/s08-recap-jai",,,,,,,,
QA-L06-258,C,L6,s02-fill-right-place,fill-with-traps,Je ne suis pas ici.,(no English gloss presented),none,You reach the right door and step in. What do you say?,,"Distractor — shown reason: That says the opposite. You are here, so: Je suis ici.",recognition,choose,chunk-je-suis-ici chunk-je-ne-suis-pas,,,,,(none on item),"also: L3/s00-meet-je-ne-suis-pas-ici, L3/s01-insight-ne-pas-sandwich, L3/s02-fill-verb-in-sandwich, L3/s06-weave-je-ne-suis-pas-ici, L3/s09-sayit-not-here",,,,,,,,
QA-L06-259,F,L6,s02-fill-right-place,fill-with-traps,je suis ici,I am here,gloss,You reach the right door and step in. What do you say?,"That says the opposite. You are here, so: Je suis ici.",French named inside feedback copy,recognition,read,chunk-je-suis-ici,,,,,(none on item),"also: L2/s00-meet-je-suis-ici, L2/s01-insight-je-suis-engine, L2/s03-fill-je-suis-blank, L2/s04-weave-je-suis-ici, L2/s04-weave-je-suis-ici, L2/s06-insight-shape-noticed, L2/s06-insight-shape-noticed, L2/s05-weave-call-and-respond, L2/s05-weave-call-and-respond, L2/s07-sayit-arrive-locate, L2/s07-sayit-arrive-locate, L3/s01-insight-ne-pas-sandwich, L4/s01-insight-have-for-feelings, L4/s03b-fill-where-feel-have, L4/s03b-fill-where-feel-have, L6/s03-weave-bonjour-je-suis-ici, L10/s01-insight-three-engines",,,,,,,,
QA-L06-260,A,L6,s03-weave-bonjour-je-suis-ici,weave,"Bonjour, je suis ici.",Hello. I am here.,instruction,"You are at the door. Greet, then say you have arrived.",,Typed production — context weave,recycled,type,chunk-bonjour chunk-je-suis-ici chunk-je-suis,,,,,(none on item),"also: L2/s02-meet-bonjour-je-suis-ici, L2/s07-sayit-arrive-locate",,,,,,,,
QA-L06-261,C,L6,s03-weave-bonjour-je-suis-ici,weave,Bonjour,Hello,gloss,"You are at the door. Greet, then say you have arrived.","Your meaning lands. A native opens first, then lands: Bonjour. Je suis ici. ⏐ Start with bonjour, then je suis ici.","Support piece shown as ""greeting"" (required)",recognition,read,chunk-bonjour,,,"piece boundary ""Bonjour"" ↔ registry ""Bonjour""",,(none on item),"fields: payload.suggestedPieces[].text (hint rung 1) ; payload.reveal.ifUnderstandableButWrong (inline) ; payload.reveal.ifMissingTargetPiece (inline) || also: L1/s04-weave-cafe-order, L1/s01-insight-survival-kit, L1/s06-weave-cafe-order-please, L1/s08-sayit-cafe-order, L1/s09-recap-survival-kit, L2/s02-meet-bonjour-je-suis-ici, L2/s03-fill-je-suis-blank, L2/s03-fill-je-suis-blank, L2/s07-sayit-arrive-locate, L2/s08-recap-first-engine, L3/s02-fill-verb-in-sandwich, L3/s02-fill-verb-in-sandwich, L4/s06-weave-bonjour-j-ai-une-question, L4/s07-sayit-how-you-feel, L4/s08-recap-jai, L6/s00-goal-petit-moment, L6/s01-meet-bonjour-at-the-door, L6/s01-meet-bonjour-at-the-door, L6/s00-insight-bonjour-to-au-revoir, L6/s00-insight-bonjour-to-au-revoir, L6/s07-sayit-step-in, L6/s10-recap-a-small-moment, L8/s06-sayit-find-the-room, L8/s06-sayit-find-the-room, L8/s07-recap-ou, L10/s09-meet-morning-arrival, L10/s02-weave-arrive-ask-where, L10/s02-weave-arrive-ask-where, L10/s05-weave-close-the-day, L10/s08-recap-full-day",,,,,,,,
QA-L06-262,C,L6,s03-weave-bonjour-je-suis-ici,weave,"Bonjour, je suis ___.",Hello. I am here.,instruction,"You are at the door. Greet, then say you have arrived.",,Second hint rung — a shape to fill in,recognition,read,chunk-bonjour chunk-je-suis-ici chunk-je-suis,,,,,(none on item),unique to this screen,,,,,,,,
QA-L06-263,C,L6,s03-weave-bonjour-je-suis-ici,weave,ici,here,gloss,"You are at the door. Greet, then say you have arrived.",,"Support piece shown as ""place word"" (required)",recognition,read,word-ici,,,"piece boundary ""ici"" ↔ registry ""ici""",,(none on item),"also: L2/s00-goal-etre, L2/s00-meet-je-suis-ici, L2/s02-meet-bonjour-je-suis-ici, L2/s03-fill-je-suis-blank, L2/s04-weave-je-suis-ici, L2/s05-weave-call-and-respond, L2/s07-sayit-arrive-locate, L2/s08-recap-first-engine, L3/s06-weave-je-ne-suis-pas-ici, L3/s07-weave-ce-n-est-pas-ici, L3/s08-weave-non-je-ne-suis-pas-ici, L3/s09-sayit-not-here, L4/s00-goal-jai, L6/s00-goal-petit-moment, L6/s07-sayit-step-in, L6/s10-recap-a-small-moment, L8/s00-goal-ou, L8/s03-fill-c-est-blank, L8/s08-meet-c-est-ici, L8/s09-fill-which-side, L8/s05-weave-answer-here, L8/s10-reveal-both-sides, L8/s07-recap-ou",,,,,,,,
QA-L06-264,C,L6,s03-weave-bonjour-je-suis-ici,weave,je suis,I am,gloss,"You are at the door. Greet, then say you have arrived.",,"Support piece shown as ""I am"" (required)",recognition,read,chunk-je-suis,,,"piece boundary ""je suis"" ↔ registry ""je suis""",,(none on item),"also: L1/s03-fill-polite-verb, L2/s00-goal-etre, L2/s00-meet-je-suis-ici, L2/s01-insight-je-suis-engine, L2/s02-meet-bonjour-je-suis-ici, L2/s03-fill-je-suis-blank, L2/s04-weave-je-suis-ici, L2/s05-weave-call-and-respond, L2/s07-sayit-arrive-locate, L2/s08-recap-first-engine, L3/s01-insight-ne-pas-sandwich, L3/s10-recap-negation, L4/s00-goal-jai, L4/s01-insight-have-for-feelings, L4/s02-fill-have-not-be, L4/s02-fill-have-not-be, L6/s00-goal-petit-moment, L6/s07-sayit-step-in, L6/s10-recap-a-small-moment, L7/s02-insight-je-vais-frozen, L7/s03-fill-je-vais-blank, L10/s03-fill-engine-chooser, L10/s01-insight-three-engines",,,,,,,,
QA-L06-265,F,L6,s03-weave-bonjour-je-suis-ici,weave,je suis ici,I am here,gloss,"You are at the door. Greet, then say you have arrived.","Your meaning lands. A native opens first, then lands: Bonjour. Je suis ici. ⏐ Start with bonjour, then je suis ici.",French named inside feedback copy,recognition,read,chunk-je-suis-ici,,,,,(none on item),"fields: payload.reveal.ifUnderstandableButWrong (inline) ; payload.reveal.ifMissingTargetPiece (inline) || also: L2/s00-meet-je-suis-ici, L2/s01-insight-je-suis-engine, L2/s03-fill-je-suis-blank, L2/s04-weave-je-suis-ici, L2/s04-weave-je-suis-ici, L2/s06-insight-shape-noticed, L2/s06-insight-shape-noticed, L2/s05-weave-call-and-respond, L2/s05-weave-call-and-respond, L2/s07-sayit-arrive-locate, L2/s07-sayit-arrive-locate, L3/s01-insight-ne-pas-sandwich, L4/s01-insight-have-for-feelings, L4/s03b-fill-where-feel-have, L4/s03b-fill-where-feel-have, L6/s02-fill-right-place, L6/s02-fill-right-place, L10/s01-insight-three-engines",,,,,,,,
QA-L06-266,F,L6,s00-insight-bonjour-to-au-revoir,insight-card,au revoir,goodbye,gloss,Insight card: From bonjour to au revoir.,"From bonjour to au revoir. ⏐ In France, a small moment opens with bonjour and closes with au revoir. Today you carry the whole arc, using only the pieces you already built. No new rule.",French named inside explanatory copy,recognition,read,chunk-au-revoir,,,,,(none on item),"fields: payload.title (inline) ; payload.body (inline) || also: L6/s00-goal-petit-moment, L6/s06-meet-au-revoir, L6/s06-meet-au-revoir, L6/s08-weave-close-open, L6/s10-recap-a-small-moment, L6/s10-recap-a-small-moment, L7/s05-weave-close-the-moment, L7/s10-insight-leaving-two-moves, L7/s06-sayit-take-your-leave, L7/s07-recap-heading-home, L9/s08-fill-softener, L10/s05-weave-close-the-day, L10/s07-sayit-take-your-leave, L10/s08-recap-full-day",,,,,,,,
QA-L06-267,F,L6,s00-insight-bonjour-to-au-revoir,insight-card,Au revoir.,Goodbye.,gloss,Insight card: From bonjour to au revoir.,,"Illustrative example inside ""From bonjour to au revoir.""",recognition,read,chunk-au-revoir,,,,,(none on item),"also: L6/s00-goal-petit-moment, L6/s06-meet-au-revoir, L6/s06-meet-au-revoir, L6/s08-weave-close-open, L6/s10-recap-a-small-moment, L6/s10-recap-a-small-moment, L7/s05-weave-close-the-moment, L7/s10-insight-leaving-two-moves, L7/s06-sayit-take-your-leave, L7/s07-recap-heading-home, L9/s08-fill-softener, L10/s05-weave-close-the-day, L10/s07-sayit-take-your-leave, L10/s08-recap-full-day",,,,,,,,
QA-L06-268,F,L6,s00-insight-bonjour-to-au-revoir,insight-card,Bonjour,Hello,gloss,Insight card: From bonjour to au revoir.,"From bonjour to au revoir. ⏐ In France, a small moment opens with bonjour and closes with au revoir. Today you carry the whole arc, using only the pieces you already built. No new rule.",French named inside explanatory copy,recognition,read,chunk-bonjour,,,,,(none on item),"fields: payload.title (inline) ; payload.body (inline) || also: L1/s04-weave-cafe-order, L1/s01-insight-survival-kit, L1/s06-weave-cafe-order-please, L1/s08-sayit-cafe-order, L1/s09-recap-survival-kit, L2/s02-meet-bonjour-je-suis-ici, L2/s03-fill-je-suis-blank, L2/s03-fill-je-suis-blank, L2/s07-sayit-arrive-locate, L2/s08-recap-first-engine, L3/s02-fill-verb-in-sandwich, L3/s02-fill-verb-in-sandwich, L4/s06-weave-bonjour-j-ai-une-question, L4/s07-sayit-how-you-feel, L4/s08-recap-jai, L6/s00-goal-petit-moment, L6/s01-meet-bonjour-at-the-door, L6/s01-meet-bonjour-at-the-door, L6/s03-weave-bonjour-je-suis-ici, L6/s07-sayit-step-in, L6/s10-recap-a-small-moment, L8/s06-sayit-find-the-room, L8/s06-sayit-find-the-room, L8/s07-recap-ou, L10/s09-meet-morning-arrival, L10/s02-weave-arrive-ask-where, L10/s02-weave-arrive-ask-where, L10/s05-weave-close-the-day, L10/s08-recap-full-day",,,,,,,,
QA-L06-269,F,L6,s00-insight-bonjour-to-au-revoir,insight-card,Bonjour.,Hello.,gloss,Insight card: From bonjour to au revoir.,,"Illustrative example inside ""From bonjour to au revoir.""",recognition,read,chunk-bonjour,,,,,(none on item),"also: L1/s04-weave-cafe-order, L1/s01-insight-survival-kit, L1/s06-weave-cafe-order-please, L1/s08-sayit-cafe-order, L1/s09-recap-survival-kit, L2/s02-meet-bonjour-je-suis-ici, L2/s03-fill-je-suis-blank, L2/s03-fill-je-suis-blank, L2/s07-sayit-arrive-locate, L2/s08-recap-first-engine, L3/s02-fill-verb-in-sandwich, L3/s02-fill-verb-in-sandwich, L4/s06-weave-bonjour-j-ai-une-question, L4/s07-sayit-how-you-feel, L4/s08-recap-jai, L6/s00-goal-petit-moment, L6/s01-meet-bonjour-at-the-door, L6/s01-meet-bonjour-at-the-door, L6/s03-weave-bonjour-je-suis-ici, L6/s07-sayit-step-in, L6/s10-recap-a-small-moment, L8/s06-sayit-find-the-room, L8/s06-sayit-find-the-room, L8/s07-recap-ou, L10/s09-meet-morning-arrival, L10/s02-weave-arrive-ask-where, L10/s02-weave-arrive-ask-where, L10/s05-weave-close-the-day, L10/s08-recap-full-day",,,,,,,,
QA-L06-270,B,L6,s04-fill-decline-offer,fill-with-traps,Non merci.,(no English gloss presented),none,"Inside, someone offers you a coffee. You are fine without one. What do you say?",,The option that completes the frame,model-only,choose,chunk-non-merci,,,,,(none on item),"fields: payload.options[opt-non-merci].text (correct) ; payload.reveal.natural || also: L3/s00-goal-non, L3/s04-insight-oui-non, L3/s04-insight-oui-non, L3/s05-fill-refuse-politely, L3/s05-fill-refuse-politely, L3/s05-fill-refuse-politely, L3/s10-recap-negation",,,,,,,,
QA-L06-271,C,L6,s04-fill-decline-offer,fill-with-traps,J'ai une question.,(no English gloss presented),none,"Inside, someone offers you a coffee. You are fine without one. What do you say?",,Distractor — shown reason: That does not answer the offer.,recognition,choose,chunk-non-merci,,,,,(none on item),"also: L4/s01-insight-have-for-feelings, L4/s01-insight-have-for-feelings, L4/s03-meet-j-ai-une-question, L4/s03b-fill-where-feel-have, L4/s06-weave-bonjour-j-ai-une-question, L4/s08-recap-jai, L5/s02-insight-little-packages, L5/s06-weave-j-ai-une-question, L5/s08-recap-packages, L6/s05-weave-j-ai-une-question, L6/s05-weave-j-ai-une-question",,,,,,,,
QA-L06-272,C,L6,s04-fill-decline-offer,fill-with-traps,Merci.,(no English gloss presented),none,"Inside, someone offers you a coffee. You are fine without one. What do you say?",,Distractor — shown reason: Merci alone can sound like yes please. Non merci makes the no clear.,recognition,choose,chunk-non-merci,sent:l01-merci,,,,founder_waived_provisional,"also: L1/s00-goal-survival-kit, L1/s01-insight-survival-kit, L1/s07-meet-merci, L1/s07-meet-merci, L1/s10-weave-merci-thanks, L1/s10-weave-merci-thanks, L1/s10-weave-merci-thanks, L1/s08-sayit-cafe-order, L1/s09-recap-survival-kit, L3/s05-fill-refuse-politely, L6/s00-goal-petit-moment, L6/s08-weave-close-open, L6/s10-recap-a-small-moment, L7/s06-sayit-take-your-leave, L7/s07-recap-heading-home, L9/s08-fill-softener, L10/s07-sayit-take-your-leave",,,,,,,,
QA-L06-273,F,L6,s04-fill-decline-offer,fill-with-traps,merci,thank you,gloss,"Inside, someone offers you a coffee. You are fine without one. What do you say?","A soft, clear refusal: non to decline, merci to stay polite.",French named inside feedback copy,recognition,read,chunk-merci,sent:l01-merci,,,,founder_waived_provisional,"also: L1/s00-goal-survival-kit, L1/s01-insight-survival-kit, L1/s07-meet-merci, L1/s07-meet-merci, L1/s10-weave-merci-thanks, L1/s10-weave-merci-thanks, L1/s10-weave-merci-thanks, L1/s08-sayit-cafe-order, L1/s09-recap-survival-kit, L3/s05-fill-refuse-politely, L6/s00-goal-petit-moment, L6/s08-weave-close-open, L6/s10-recap-a-small-moment, L7/s06-sayit-take-your-leave, L7/s07-recap-heading-home, L9/s08-fill-softener, L10/s07-sayit-take-your-leave",,,,,,,,
QA-L06-274,F,L6,s04-fill-decline-offer,fill-with-traps,non,no,gloss,"Inside, someone offers you a coffee. You are fine without one. What do you say?","A soft, clear refusal: non to decline, merci to stay polite.",French named inside feedback copy,recognition,read,chunk-non,,,,,(none on item),"also: L3/s04-insight-oui-non, L3/s05-fill-refuse-politely, L3/s08-weave-non-je-ne-suis-pas-ici, L3/s08-weave-non-je-ne-suis-pas-ici, L3/s09-sayit-not-here, L3/s09-sayit-not-here, L3/s10-recap-negation",,,,,,,,
QA-L06-275,F,L6,s04-fill-decline-offer,fill-with-traps,non merci,no thank you,gloss,"Inside, someone offers you a coffee. You are fine without one. What do you say?",Merci alone can sound like yes please. Non merci makes the no clear.,French named inside feedback copy,recognition,read,chunk-non-merci,,,,,(none on item),"also: L3/s00-goal-non, L3/s04-insight-oui-non, L3/s04-insight-oui-non, L3/s05-fill-refuse-politely, L3/s05-fill-refuse-politely, L3/s05-fill-refuse-politely, L3/s10-recap-negation",,,,,,,,
QA-L06-276,A,L6,s05-weave-j-ai-une-question,weave,J'ai une question.,I have a question.,instruction,There is one small thing you came to ask. Open it.,,Typed production — context weave,recycled,type,chunk-j-ai chunk-j-ai-une-question chunk-une-question,,,,J ai une question. | J ai une question,(none on item),"also: L4/s01-insight-have-for-feelings, L4/s01-insight-have-for-feelings, L4/s03-meet-j-ai-une-question, L4/s03b-fill-where-feel-have, L4/s06-weave-bonjour-j-ai-une-question, L4/s08-recap-jai, L5/s02-insight-little-packages, L5/s06-weave-j-ai-une-question, L5/s08-recap-packages, L6/s04-fill-decline-offer",,,,,,,,
QA-L06-277,E,L6,s05-weave-j-ai-une-question,weave,J ai une question,I have a question.,instruction,There is one small thing you came to ask. Open it.,,"Accepted instead of ""J'ai une question.""",accepted-alternative,type,chunk-j-ai chunk-j-ai-une-question chunk-une-question,,,,,(none on item),"also: L5/s06-weave-j-ai-une-question, L5/s06-weave-j-ai-une-question, L5/s06-weave-j-ai-une-question",,,,,,,,
QA-L06-278,E,L6,s05-weave-j-ai-une-question,weave,J ai une question.,I have a question.,instruction,There is one small thing you came to ask. Open it.,,"Accepted instead of ""J'ai une question.""",accepted-alternative,type,chunk-j-ai chunk-j-ai-une-question chunk-une-question,,,,,(none on item),"also: L5/s06-weave-j-ai-une-question, L5/s06-weave-j-ai-une-question, L5/s06-weave-j-ai-une-question",,,,,,,,
QA-L06-279,C,L6,s05-weave-j-ai-une-question,weave,j'ai,I have,gloss,There is one small thing you came to ask. Open it.,"Right. j'ai carries the question, as one package. ⏐ Use j'ai, then une question.","Support piece shown as ""I have"" (required)",recognition,read,chunk-j-ai,,,"piece boundary ""j'ai"" ↔ registry ""j'ai""",,(none on item),"fields: payload.suggestedPieces[].text (hint rung 1) ; payload.reveal.ifCorrectButFlat (inline) ; payload.reveal.ifMissingTargetPiece (inline) || also: L4/s00-goal-jai, L4/s00-meet-j-ai-faim, L4/s02-fill-have-not-be, L4/s03-meet-j-ai-une-question, L4/s04-insight-jai-elision, L4/s05-weave-j-ai-faim, L4/s06-weave-bonjour-j-ai-une-question, L4/s07-sayit-how-you-feel, L4/s08-recap-jai, L5/s06-weave-j-ai-une-question, L6/s00-goal-petit-moment, L6/s07-sayit-step-in, L6/s10-recap-a-small-moment",,,,,,,,
QA-L06-280,C,L6,s05-weave-j-ai-une-question,weave,une question,a question,gloss,There is one small thing you came to ask. Open it.,"Use j'ai, then une question.","Support piece shown as ""noun package"" (required)",recognition,read,chunk-une-question,,,"piece boundary ""une question"" ↔ registry ""une question""",,(none on item),"fields: payload.suggestedPieces[].text (hint rung 1) ; payload.reveal.ifMissingTargetPiece (inline) || also: L4/s00-goal-jai, L4/s03-meet-j-ai-une-question, L4/s06-weave-bonjour-j-ai-une-question, L4/s08-recap-jai, L5/s00-goal-un-une, L5/s01-meet-une-question, L5/s03-fill-package-cafe, L5/s04-fill-package-question, L5/s02-insight-little-packages, L5/s04b-fill-choose-package, L5/s06-weave-j-ai-une-question, L5/s08-recap-packages, L6/s00-goal-petit-moment, L6/s07-sayit-step-in, L6/s10-recap-a-small-moment",,,,,,,,
QA-L06-281,F,L6,s05-weave-j-ai-une-question,weave,j'ai une question,I have a question,gloss,There is one small thing you came to ask. Open it.,Your meaning lands. The question rides on have: j'ai une question.,French named inside feedback copy,recognition,read,chunk-j-ai-une-question,,,,,(none on item),"also: L4/s01-insight-have-for-feelings, L4/s01-insight-have-for-feelings, L4/s03-meet-j-ai-une-question, L4/s03b-fill-where-feel-have, L4/s06-weave-bonjour-j-ai-une-question, L4/s08-recap-jai, L5/s02-insight-little-packages, L5/s06-weave-j-ai-une-question, L5/s08-recap-packages, L6/s04-fill-decline-offer",,,,,,,,
QA-L06-282,C,L6,s06-meet-au-revoir,meet-card,Au revoir,goodbye,gloss,The close.,,Highlighted chunk boundary inside the meet sentence,recognition,read,chunk-au-revoir,,,"highlight span of ""Au revoir.""",,(none on item),"also: L6/s00-goal-petit-moment, L6/s00-insight-bonjour-to-au-revoir, L6/s00-insight-bonjour-to-au-revoir, L6/s08-weave-close-open, L6/s10-recap-a-small-moment, L6/s10-recap-a-small-moment, L7/s05-weave-close-the-moment, L7/s10-insight-leaving-two-moves, L7/s06-sayit-take-your-leave, L7/s07-recap-heading-home, L9/s08-fill-softener, L10/s05-weave-close-the-day, L10/s07-sayit-take-your-leave, L10/s08-recap-full-day",,,,,,,,
QA-L06-283,C,L6,s06-meet-au-revoir,meet-card,Au revoir.,Goodbye.,gloss,The close.,,First contact / re-contact: The close.,active-new,listen,chunk-au-revoir,,,Au revoir → chunk-au-revoir,,(none on item),"also: L6/s00-goal-petit-moment, L6/s00-insight-bonjour-to-au-revoir, L6/s00-insight-bonjour-to-au-revoir, L6/s08-weave-close-open, L6/s10-recap-a-small-moment, L6/s10-recap-a-small-moment, L7/s05-weave-close-the-moment, L7/s10-insight-leaving-two-moves, L7/s06-sayit-take-your-leave, L7/s07-recap-heading-home, L9/s08-fill-softener, L10/s05-weave-close-the-day, L10/s07-sayit-take-your-leave, L10/s08-recap-full-day",,,,,,,,
QA-L06-284,E,L6,s07-sayit-step-in,say-it-your-way,Bonjour. J'ai une question.,"Greet, locate, and open your question.",instruction,"You have just stepped in. Greet them, say you are here, and open your one small question.",,Answer band: minimalAcceptable,accepted-alternative,free-produce,chunk-bonjour chunk-je-suis-ici chunk-j-ai-une-question,,,,,(none on item),also: L4/s06-weave-bonjour-j-ai-une-question,,,,,,,,
QA-L06-285,E,L6,s07-sayit-step-in,say-it-your-way,Bonjour. Je suis ici. J'ai une question.,"Greet, locate, and open your question.",instruction,"You have just stepped in. Greet them, say you are here, and open your one small question.",,Model answer for the open task,accepted-alternative,free-produce,chunk-bonjour chunk-je-suis-ici chunk-j-ai-une-question,,,,,(none on item),fields: payload.modelAnswer ; payload.answerBands.good[0] ; payload.answerBands.natural[0],,,,,,,,
QA-L06-286,C,L6,s07-sayit-step-in,say-it-your-way,Bonjour,Hello,gloss,"You have just stepped in. Greet them, say you are here, and open your one small question.",,Support piece for the open task,recognition,read,chunk-bonjour,,,"piece boundary ""Bonjour"" ↔ registry ""Bonjour""",,(none on item),"also: L1/s04-weave-cafe-order, L1/s01-insight-survival-kit, L1/s06-weave-cafe-order-please, L1/s08-sayit-cafe-order, L1/s09-recap-survival-kit, L2/s02-meet-bonjour-je-suis-ici, L2/s03-fill-je-suis-blank, L2/s03-fill-je-suis-blank, L2/s07-sayit-arrive-locate, L2/s08-recap-first-engine, L3/s02-fill-verb-in-sandwich, L3/s02-fill-verb-in-sandwich, L4/s06-weave-bonjour-j-ai-une-question, L4/s07-sayit-how-you-feel, L4/s08-recap-jai, L6/s00-goal-petit-moment, L6/s01-meet-bonjour-at-the-door, L6/s01-meet-bonjour-at-the-door, L6/s03-weave-bonjour-je-suis-ici, L6/s00-insight-bonjour-to-au-revoir, L6/s00-insight-bonjour-to-au-revoir, L6/s10-recap-a-small-moment, L8/s06-sayit-find-the-room, L8/s06-sayit-find-the-room, L8/s07-recap-ou, L10/s09-meet-morning-arrival, L10/s02-weave-arrive-ask-where, L10/s02-weave-arrive-ask-where, L10/s05-weave-close-the-day, L10/s08-recap-full-day",,,,,,,,
QA-L06-287,C,L6,s07-sayit-step-in,say-it-your-way,ici,here,gloss,"You have just stepped in. Greet them, say you are here, and open your one small question.",,Support piece for the open task,recognition,read,word-ici,,,"piece boundary ""ici"" ↔ registry ""ici""",,(none on item),"also: L2/s00-goal-etre, L2/s00-meet-je-suis-ici, L2/s02-meet-bonjour-je-suis-ici, L2/s03-fill-je-suis-blank, L2/s04-weave-je-suis-ici, L2/s05-weave-call-and-respond, L2/s07-sayit-arrive-locate, L2/s08-recap-first-engine, L3/s06-weave-je-ne-suis-pas-ici, L3/s07-weave-ce-n-est-pas-ici, L3/s08-weave-non-je-ne-suis-pas-ici, L3/s09-sayit-not-here, L4/s00-goal-jai, L6/s00-goal-petit-moment, L6/s03-weave-bonjour-je-suis-ici, L6/s10-recap-a-small-moment, L8/s00-goal-ou, L8/s03-fill-c-est-blank, L8/s08-meet-c-est-ici, L8/s09-fill-which-side, L8/s05-weave-answer-here, L8/s10-reveal-both-sides, L8/s07-recap-ou",,,,,,,,
QA-L06-288,C,L6,s07-sayit-step-in,say-it-your-way,j'ai,I have,gloss,"You have just stepped in. Greet them, say you are here, and open your one small question.",,Support piece for the open task,recognition,read,chunk-j-ai,,,"piece boundary ""j'ai"" ↔ registry ""j'ai""",,(none on item),"also: L4/s00-goal-jai, L4/s00-meet-j-ai-faim, L4/s02-fill-have-not-be, L4/s03-meet-j-ai-une-question, L4/s04-insight-jai-elision, L4/s05-weave-j-ai-faim, L4/s06-weave-bonjour-j-ai-une-question, L4/s07-sayit-how-you-feel, L4/s08-recap-jai, L5/s06-weave-j-ai-une-question, L6/s00-goal-petit-moment, L6/s05-weave-j-ai-une-question, L6/s10-recap-a-small-moment",,,,,,,,
QA-L06-289,C,L6,s07-sayit-step-in,say-it-your-way,je suis,I am,gloss,"You have just stepped in. Greet them, say you are here, and open your one small question.",,Support piece for the open task,recognition,read,chunk-je-suis,,,"piece boundary ""je suis"" ↔ registry ""je suis""",,(none on item),"also: L1/s03-fill-polite-verb, L2/s00-goal-etre, L2/s00-meet-je-suis-ici, L2/s01-insight-je-suis-engine, L2/s02-meet-bonjour-je-suis-ici, L2/s03-fill-je-suis-blank, L2/s04-weave-je-suis-ici, L2/s05-weave-call-and-respond, L2/s07-sayit-arrive-locate, L2/s08-recap-first-engine, L3/s01-insight-ne-pas-sandwich, L3/s10-recap-negation, L4/s00-goal-jai, L4/s01-insight-have-for-feelings, L4/s02-fill-have-not-be, L4/s02-fill-have-not-be, L6/s00-goal-petit-moment, L6/s03-weave-bonjour-je-suis-ici, L6/s10-recap-a-small-moment, L7/s02-insight-je-vais-frozen, L7/s03-fill-je-vais-blank, L10/s03-fill-engine-chooser, L10/s01-insight-three-engines",,,,,,,,
QA-L06-290,C,L6,s07-sayit-step-in,say-it-your-way,une question,a question,gloss,"You have just stepped in. Greet them, say you are here, and open your one small question.",,Support piece for the open task,recognition,read,chunk-une-question,,,"piece boundary ""une question"" ↔ registry ""une question""",,(none on item),"also: L4/s00-goal-jai, L4/s03-meet-j-ai-une-question, L4/s06-weave-bonjour-j-ai-une-question, L4/s08-recap-jai, L5/s00-goal-un-une, L5/s01-meet-une-question, L5/s03-fill-package-cafe, L5/s04-fill-package-question, L5/s02-insight-little-packages, L5/s04b-fill-choose-package, L5/s06-weave-j-ai-une-question, L5/s08-recap-packages, L6/s00-goal-petit-moment, L6/s05-weave-j-ai-une-question, L6/s10-recap-a-small-moment",,,,,,,,
QA-L06-291,A,L6,s08-weave-close-open,weave,"Merci, au revoir.",Close the moment in French: thank them and say goodbye.,instruction,"You are about to leave. Thank them, then close.",,Typed production — open weave,active-new,type,chunk-merci chunk-au-revoir,,,,,(none on item),unique to this screen,,,,,,,,
QA-L06-292,C,L6,s08-weave-close-open,weave,au revoir,goodbye,gloss,"You are about to leave. Thank them, then close.","Right. merci then au revoir, and you are out the door. ⏐ Your meaning lands. Thanks comes first, then the goodbye: Merci. Au revoir. ⏐ Thank first with merci, then close with au revoir.","Support piece shown as ""closing""",recognition,read,chunk-au-revoir,,,"piece boundary ""au revoir"" ↔ registry ""au revoir""",,(none on item),"fields: payload.suggestedPieces[].text (hint rung 1) ; payload.reveal.ifCorrectButFlat (inline) ; payload.reveal.ifUnderstandableButWrong (inline) ; payload.reveal.ifMissingTargetPiece (inline) || also: L6/s00-goal-petit-moment, L6/s00-insight-bonjour-to-au-revoir, L6/s00-insight-bonjour-to-au-revoir, L6/s06-meet-au-revoir, L6/s06-meet-au-revoir, L6/s10-recap-a-small-moment, L6/s10-recap-a-small-moment, L7/s05-weave-close-the-moment, L7/s10-insight-leaving-two-moves, L7/s06-sayit-take-your-leave, L7/s07-recap-heading-home, L9/s08-fill-softener, L10/s05-weave-close-the-day, L10/s07-sayit-take-your-leave, L10/s08-recap-full-day",,,,,,,,
QA-L06-293,C,L6,s08-weave-close-open,weave,merci,thank you,gloss,"You are about to leave. Thank them, then close.","Right. merci then au revoir, and you are out the door. ⏐ Your meaning lands. Thanks comes first, then the goodbye: Merci. Au revoir. ⏐ Thank first with merci, then close with au revoir.","Support piece shown as ""thanks""",recognition,read,chunk-merci,sent:l01-merci,,"piece boundary ""merci"" ↔ registry ""merci""",,founder_waived_provisional,"fields: payload.suggestedPieces[].text (hint rung 1) ; payload.reveal.ifCorrectButFlat (inline) ; payload.reveal.ifUnderstandableButWrong (inline) ; payload.reveal.ifMissingTargetPiece (inline) || also: L1/s00-goal-survival-kit, L1/s01-insight-survival-kit, L1/s07-meet-merci, L1/s07-meet-merci, L1/s10-weave-merci-thanks, L1/s10-weave-merci-thanks, L1/s10-weave-merci-thanks, L1/s08-sayit-cafe-order, L1/s09-recap-survival-kit, L3/s05-fill-refuse-politely, L6/s00-goal-petit-moment, L6/s04-fill-decline-offer, L6/s04-fill-decline-offer, L6/s10-recap-a-small-moment, L7/s06-sayit-take-your-leave, L7/s07-recap-heading-home, L9/s08-fill-softener, L10/s07-sayit-take-your-leave",,,,,,,,
QA-L06-294,E,L6,s09-sayit-whole-moment,say-it-your-way,Bonjour. J'ai une question. Merci. Au revoir.,"Carry the whole moment, from the door to goodbye.",instruction,"You arrive for a small first meeting. Greet, say you are here, say you have one small thing to ask, thank them, and leave. Use the French pieces you already have.",,Alternative natural version shown in the reveal,accepted-alternative,free-produce,chunk-bonjour chunk-je-suis-ici chunk-j-ai-une-question chunk-merci chunk-au-revoir,,,,,(none on item),fields: payload.reveal.naturalAlternatives[0] ; payload.answerBands.minimalAcceptable[0],,,,,,,,
QA-L06-295,E,L6,s09-sayit-whole-moment,say-it-your-way,Bonjour. Je suis ici. J'ai une question. Merci. Au revoir.,"Carry the whole moment, from the door to goodbye.",instruction,"You arrive for a small first meeting. Greet, say you are here, say you have one small thing to ask, thank them, and leave. Use the French pieces you already have.",,Model answer for the open task,accepted-alternative,free-produce,chunk-bonjour chunk-je-suis-ici chunk-j-ai-une-question chunk-merci chunk-au-revoir,,,,,(none on item),fields: payload.modelAnswer ; payload.answerBands.good[0] ; payload.answerBands.natural[0],,,,,,,,
QA-L06-296,B,L6,s09-sayit-whole-moment,say-it-your-way,"Bonjour. Je suis ici. J'ai une question. Merci, au revoir.","Carry the whole moment, from the door to goodbye.",instruction,"You arrive for a small first meeting. Greet, say you are here, say you have one small thing to ask, thank them, and leave. Use the French pieces you already have.",,Alternative natural version shown in the reveal,model-only,read,chunk-bonjour chunk-je-suis-ici chunk-j-ai-une-question chunk-merci chunk-au-revoir,,,,,(none on item),unique to this screen,,,,,,,,
QA-L06-297,C,L6,s10-recap-a-small-moment,recap,Au revoir,goodbye,gloss,Recap: You carried a whole moment.,,Chip listed back as a piece the learner used,recycled,read,chunk-au-revoir,,,,,(none on item),"also: L6/s00-goal-petit-moment, L6/s00-insight-bonjour-to-au-revoir, L6/s00-insight-bonjour-to-au-revoir, L6/s06-meet-au-revoir, L6/s06-meet-au-revoir, L6/s08-weave-close-open, L7/s05-weave-close-the-moment, L7/s10-insight-leaving-two-moves, L7/s06-sayit-take-your-leave, L7/s07-recap-heading-home, L9/s08-fill-softener, L10/s05-weave-close-the-day, L10/s07-sayit-take-your-leave, L10/s08-recap-full-day",,,,,,,,
QA-L06-298,C,L6,s10-recap-a-small-moment,recap,Bonjour,Hello,gloss,Recap: You carried a whole moment.,"You carried it in French, from bonjour to au revoir.",Chip listed back as a piece the learner used,recycled,read,chunk-bonjour,,,,,(none on item),"fields: payload.piecesUsed[0] ; payload.lines[1] (inline) || also: L1/s04-weave-cafe-order, L1/s01-insight-survival-kit, L1/s06-weave-cafe-order-please, L1/s08-sayit-cafe-order, L1/s09-recap-survival-kit, L2/s02-meet-bonjour-je-suis-ici, L2/s03-fill-je-suis-blank, L2/s03-fill-je-suis-blank, L2/s07-sayit-arrive-locate, L2/s08-recap-first-engine, L3/s02-fill-verb-in-sandwich, L3/s02-fill-verb-in-sandwich, L4/s06-weave-bonjour-j-ai-une-question, L4/s07-sayit-how-you-feel, L4/s08-recap-jai, L6/s00-goal-petit-moment, L6/s01-meet-bonjour-at-the-door, L6/s01-meet-bonjour-at-the-door, L6/s03-weave-bonjour-je-suis-ici, L6/s00-insight-bonjour-to-au-revoir, L6/s00-insight-bonjour-to-au-revoir, L6/s07-sayit-step-in, L8/s06-sayit-find-the-room, L8/s06-sayit-find-the-room, L8/s07-recap-ou, L10/s09-meet-morning-arrival, L10/s02-weave-arrive-ask-where, L10/s02-weave-arrive-ask-where, L10/s05-weave-close-the-day, L10/s08-recap-full-day",,,,,,,,
QA-L06-299,C,L6,s10-recap-a-small-moment,recap,ici,here,gloss,Recap: You carried a whole moment.,,Chip listed back as a piece the learner used,recycled,read,word-ici,,,,,(none on item),"also: L2/s00-goal-etre, L2/s00-meet-je-suis-ici, L2/s02-meet-bonjour-je-suis-ici, L2/s03-fill-je-suis-blank, L2/s04-weave-je-suis-ici, L2/s05-weave-call-and-respond, L2/s07-sayit-arrive-locate, L2/s08-recap-first-engine, L3/s06-weave-je-ne-suis-pas-ici, L3/s07-weave-ce-n-est-pas-ici, L3/s08-weave-non-je-ne-suis-pas-ici, L3/s09-sayit-not-here, L4/s00-goal-jai, L6/s00-goal-petit-moment, L6/s03-weave-bonjour-je-suis-ici, L6/s07-sayit-step-in, L8/s00-goal-ou, L8/s03-fill-c-est-blank, L8/s08-meet-c-est-ici, L8/s09-fill-which-side, L8/s05-weave-answer-here, L8/s10-reveal-both-sides, L8/s07-recap-ou",,,,,,,,
QA-L06-300,C,L6,s10-recap-a-small-moment,recap,j'ai,I have,gloss,Recap: You carried a whole moment.,,Chip listed back as a piece the learner used,recycled,read,chunk-j-ai,,,,,(none on item),"also: L4/s00-goal-jai, L4/s00-meet-j-ai-faim, L4/s02-fill-have-not-be, L4/s03-meet-j-ai-une-question, L4/s04-insight-jai-elision, L4/s05-weave-j-ai-faim, L4/s06-weave-bonjour-j-ai-une-question, L4/s07-sayit-how-you-feel, L4/s08-recap-jai, L5/s06-weave-j-ai-une-question, L6/s00-goal-petit-moment, L6/s05-weave-j-ai-une-question, L6/s07-sayit-step-in",,,,,,,,
QA-L06-301,C,L6,s10-recap-a-small-moment,recap,je suis,I am,gloss,Recap: You carried a whole moment.,,Chip listed back as a piece the learner used,recycled,read,chunk-je-suis,,,,,(none on item),"also: L1/s03-fill-polite-verb, L2/s00-goal-etre, L2/s00-meet-je-suis-ici, L2/s01-insight-je-suis-engine, L2/s02-meet-bonjour-je-suis-ici, L2/s03-fill-je-suis-blank, L2/s04-weave-je-suis-ici, L2/s05-weave-call-and-respond, L2/s07-sayit-arrive-locate, L2/s08-recap-first-engine, L3/s01-insight-ne-pas-sandwich, L3/s10-recap-negation, L4/s00-goal-jai, L4/s01-insight-have-for-feelings, L4/s02-fill-have-not-be, L4/s02-fill-have-not-be, L6/s00-goal-petit-moment, L6/s03-weave-bonjour-je-suis-ici, L6/s07-sayit-step-in, L7/s02-insight-je-vais-frozen, L7/s03-fill-je-vais-blank, L10/s03-fill-engine-chooser, L10/s01-insight-three-engines",,,,,,,,
QA-L06-302,C,L6,s10-recap-a-small-moment,recap,Merci,thank you,gloss,Recap: You carried a whole moment.,,Chip listed back as a piece the learner used,recycled,read,chunk-merci,sent:l01-merci,,,,founder_waived_provisional,"also: L1/s00-goal-survival-kit, L1/s01-insight-survival-kit, L1/s07-meet-merci, L1/s07-meet-merci, L1/s10-weave-merci-thanks, L1/s10-weave-merci-thanks, L1/s10-weave-merci-thanks, L1/s08-sayit-cafe-order, L1/s09-recap-survival-kit, L3/s05-fill-refuse-politely, L6/s00-goal-petit-moment, L6/s04-fill-decline-offer, L6/s04-fill-decline-offer, L6/s08-weave-close-open, L7/s06-sayit-take-your-leave, L7/s07-recap-heading-home, L9/s08-fill-softener, L10/s07-sayit-take-your-leave",,,,,,,,
QA-L06-303,C,L6,s10-recap-a-small-moment,recap,une question,a question,gloss,Recap: You carried a whole moment.,,Chip listed back as a piece the learner used,recycled,read,chunk-une-question,,,,,(none on item),"also: L4/s00-goal-jai, L4/s03-meet-j-ai-une-question, L4/s06-weave-bonjour-j-ai-une-question, L4/s08-recap-jai, L5/s00-goal-un-une, L5/s01-meet-une-question, L5/s03-fill-package-cafe, L5/s04-fill-package-question, L5/s02-insight-little-packages, L5/s04b-fill-choose-package, L5/s06-weave-j-ai-une-question, L5/s08-recap-packages, L6/s00-goal-petit-moment, L6/s05-weave-j-ai-une-question, L6/s07-sayit-step-in",,,,,,,,
QA-L06-304,F,L6,s10-recap-a-small-moment,recap,au revoir,goodbye,gloss,Recap: You carried a whole moment.,"You carried it in French, from bonjour to au revoir.",French named inside recap copy,recognition,read,chunk-au-revoir,,,,,(none on item),"also: L6/s00-goal-petit-moment, L6/s00-insight-bonjour-to-au-revoir, L6/s00-insight-bonjour-to-au-revoir, L6/s06-meet-au-revoir, L6/s06-meet-au-revoir, L6/s08-weave-close-open, L7/s05-weave-close-the-moment, L7/s10-insight-leaving-two-moves, L7/s06-sayit-take-your-leave, L7/s07-recap-heading-home, L9/s08-fill-softener, L10/s05-weave-close-the-day, L10/s07-sayit-take-your-leave, L10/s08-recap-full-day",,,,,,,,
QA-L07-305,F,L7,s00-goal-je-vais,insight-card,à la maison,home,gloss,Insight card: Heading off,"Today: one new engine, je vais. By the end: you can close a moment and say you're heading home. Main pieces: je vais, à la maison.",French named inside explanatory copy,recognition,read,chunk-a-la-maison,,,,,(none on item),"also: L7/s01-meet-je-vais-a-la-maison, L7/s02-insight-je-vais-frozen, L7/s04-weave-heading-home, L7/s08-fill-destination-package, L7/s05-weave-close-the-moment, L7/s06-sayit-take-your-leave, L7/s07-recap-heading-home, L10/s03-fill-engine-chooser, L10/s05-weave-close-the-day, L10/s07-sayit-take-your-leave, L10/s08-recap-full-day",,,,,,,,
QA-L07-306,F,L7,s00-goal-je-vais,insight-card,je vais,I'm going,gloss,Insight card: Heading off,"Today: one new engine, je vais. By the end: you can close a moment and say you're heading home. Main pieces: je vais, à la maison.",French named inside explanatory copy,recognition,read,chunk-je-vais,,,,,(none on item),"also: L7/s01-meet-je-vais-a-la-maison, L7/s02-insight-je-vais-frozen, L7/s02-insight-je-vais-frozen, L7/s03-fill-je-vais-blank, L7/s04-weave-heading-home, L7/s05-weave-close-the-moment, L7/s06-sayit-take-your-leave, L7/s07-recap-heading-home, L9/s03-fill-faire-blank, L10/s00-goal-integration, L10/s03-fill-engine-chooser, L10/s01-insight-three-engines, L10/s05-weave-close-the-day, L10/s07-sayit-take-your-leave, L10/s08-recap-full-day",,,,,,,,
QA-L07-307,C,L7,s01-meet-je-vais-a-la-maison,meet-card,à la maison,home,gloss,Where you're heading.,,Highlighted chunk boundary inside the meet sentence,supported,read,chunk-a-la-maison,,,"highlight span of ""Je vais à la maison.""",,(none on item),"also: L7/s00-goal-je-vais, L7/s02-insight-je-vais-frozen, L7/s04-weave-heading-home, L7/s08-fill-destination-package, L7/s05-weave-close-the-moment, L7/s06-sayit-take-your-leave, L7/s07-recap-heading-home, L10/s03-fill-engine-chooser, L10/s05-weave-close-the-day, L10/s07-sayit-take-your-leave, L10/s08-recap-full-day",,,,,,,,
QA-L07-308,C,L7,s01-meet-je-vais-a-la-maison,meet-card,je vais,I'm going,gloss,Where you're heading.,,Highlighted chunk boundary inside the meet sentence,recognition,read,chunk-je-vais,,,"highlight span of ""Je vais à la maison.""",,(none on item),"also: L7/s00-goal-je-vais, L7/s02-insight-je-vais-frozen, L7/s02-insight-je-vais-frozen, L7/s03-fill-je-vais-blank, L7/s04-weave-heading-home, L7/s05-weave-close-the-moment, L7/s06-sayit-take-your-leave, L7/s07-recap-heading-home, L9/s03-fill-faire-blank, L10/s00-goal-integration, L10/s03-fill-engine-chooser, L10/s01-insight-three-engines, L10/s05-weave-close-the-day, L10/s07-sayit-take-your-leave, L10/s08-recap-full-day",,,,,,,,
QA-L07-309,C,L7,s01-meet-je-vais-a-la-maison,meet-card,Je vais à la maison.,I'm going home.,gloss,Where you're heading.,,First contact / re-contact: Where you're heading.,supported,listen,chunk-je-vais chunk-a-la-maison,,,je vais → chunk-je-vais | à la maison → chunk-a-la-maison,,(none on item),"also: L7/s02-insight-je-vais-frozen, L7/s03-fill-je-vais-blank, L7/s04-weave-heading-home, L7/s08-fill-destination-package, L7/s10-insight-leaving-two-moves, L10/s03-fill-engine-chooser, L10/s01-insight-three-engines",,,,,,,,
QA-L07-310,F,L7,s02-insight-je-vais-frozen,insight-card,à la maison,home,gloss,Insight card: Take it whole.,"Je vais = I'm going. Like je suis, it is one solid piece. À la maison is one piece too: home. No rules to learn yet. The pieces do the work.",French named inside explanatory copy,recognition,read,chunk-a-la-maison,,,,,(none on item),"also: L7/s00-goal-je-vais, L7/s01-meet-je-vais-a-la-maison, L7/s04-weave-heading-home, L7/s08-fill-destination-package, L7/s05-weave-close-the-moment, L7/s06-sayit-take-your-leave, L7/s07-recap-heading-home, L10/s03-fill-engine-chooser, L10/s05-weave-close-the-day, L10/s07-sayit-take-your-leave, L10/s08-recap-full-day",,,,,,,,
QA-L07-311,F,L7,s02-insight-je-vais-frozen,insight-card,je suis,I am,gloss,Insight card: Take it whole.,"Je vais = I'm going. Like je suis, it is one solid piece. À la maison is one piece too: home. No rules to learn yet. The pieces do the work.",French named inside explanatory copy,recognition,read,chunk-je-suis,,,,,(none on item),"also: L1/s03-fill-polite-verb, L2/s00-goal-etre, L2/s00-meet-je-suis-ici, L2/s01-insight-je-suis-engine, L2/s02-meet-bonjour-je-suis-ici, L2/s03-fill-je-suis-blank, L2/s04-weave-je-suis-ici, L2/s05-weave-call-and-respond, L2/s07-sayit-arrive-locate, L2/s08-recap-first-engine, L3/s01-insight-ne-pas-sandwich, L3/s10-recap-negation, L4/s00-goal-jai, L4/s01-insight-have-for-feelings, L4/s02-fill-have-not-be, L4/s02-fill-have-not-be, L6/s00-goal-petit-moment, L6/s03-weave-bonjour-je-suis-ici, L6/s07-sayit-step-in, L6/s10-recap-a-small-moment, L7/s03-fill-je-vais-blank, L10/s03-fill-engine-chooser, L10/s01-insight-three-engines",,,,,,,,
QA-L07-312,F,L7,s02-insight-je-vais-frozen,insight-card,je vais,I'm going,gloss,Insight card: Take it whole.,"Je vais = I'm going. Like je suis, it is one solid piece. À la maison is one piece too: home. No rules to learn yet. The pieces do the work.",French named inside explanatory copy,recognition,read,chunk-je-vais,,,,,(none on item),"also: L7/s00-goal-je-vais, L7/s01-meet-je-vais-a-la-maison, L7/s03-fill-je-vais-blank, L7/s04-weave-heading-home, L7/s05-weave-close-the-moment, L7/s06-sayit-take-your-leave, L7/s07-recap-heading-home, L9/s03-fill-faire-blank, L10/s00-goal-integration, L10/s03-fill-engine-chooser, L10/s01-insight-three-engines, L10/s05-weave-close-the-day, L10/s07-sayit-take-your-leave, L10/s08-recap-full-day",,,,,,,,
QA-L07-313,F,L7,s02-insight-je-vais-frozen,insight-card,Je vais à la maison.,I'm going home.,gloss,Insight card: Take it whole.,,"Illustrative example inside ""Take it whole.""",recognition,read,chunk-a-la-maison chunk-je-vais,,,,,(none on item),"also: L7/s01-meet-je-vais-a-la-maison, L7/s03-fill-je-vais-blank, L7/s04-weave-heading-home, L7/s08-fill-destination-package, L7/s10-insight-leaving-two-moves, L10/s03-fill-engine-chooser, L10/s01-insight-three-engines",,,,,,,,
QA-L07-314,F,L7,s02-insight-je-vais-frozen,insight-card,Je vais.,I'm heading off.,gloss,Insight card: Take it whole.,,"Illustrative example inside ""Take it whole.""",recognition,read,chunk-je-vais,,,,,(none on item),"also: L7/s00-goal-je-vais, L7/s01-meet-je-vais-a-la-maison, L7/s03-fill-je-vais-blank, L7/s04-weave-heading-home, L7/s05-weave-close-the-moment, L7/s06-sayit-take-your-leave, L7/s07-recap-heading-home, L9/s03-fill-faire-blank, L10/s00-goal-integration, L10/s03-fill-engine-chooser, L10/s01-insight-three-engines, L10/s05-weave-close-the-day, L10/s07-sayit-take-your-leave, L10/s08-recap-full-day",,,,,,,,
QA-L07-315,B,L7,s03-fill-je-vais-blank,fill-with-traps,Je vais à la maison.,(no English gloss presented),none,You are leaving for home. Which word moves you?,,Natural full sentence shown after the choice,model-only,read,chunk-a-la-maison chunk-je-vais,,,,,(none on item),"also: L7/s01-meet-je-vais-a-la-maison, L7/s02-insight-je-vais-frozen, L7/s04-weave-heading-home, L7/s08-fill-destination-package, L7/s10-insight-leaving-two-moves, L10/s03-fill-engine-chooser, L10/s01-insight-three-engines",,,,,,,,
QA-L07-316,C,L7,s03-fill-je-vais-blank,fill-with-traps,Je ___ à la maison.,(no English gloss presented),none,You are leaving for home. Which word moves you?,,The French frame the blank sits in,recognition,read,chunk-je-vais,,,,,(none on item),also: L10/s03-fill-engine-chooser,,,,,,,,
QA-L07-317,C,L7,s03-fill-je-vais-blank,fill-with-traps,suis,(no English gloss presented),none,You are leaving for home. Which word moves you?,,Distractor — shown reason: Je suis says where you are. Je vais says where you're heading.,recognition,choose,chunk-je-vais,,,,,(none on item),"also: L1/s03-fill-polite-verb, L2/s03-fill-je-suis-blank, L3/s02-fill-verb-in-sandwich, L9/s03-fill-faire-blank, L10/s03-fill-engine-chooser",,,,,,,,
QA-L07-318,C,L7,s03-fill-je-vais-blank,fill-with-traps,vais,(no English gloss presented),none,You are leaving for home. Which word moves you?,,The option that completes the frame,recognition,choose,chunk-je-vais,,,,,(none on item),"also: L9/s03-fill-faire-blank, L10/s03-fill-engine-chooser",,,,,,,,
QA-L07-319,C,L7,s03-fill-je-vais-blank,fill-with-traps,voudrais,(no English gloss presented),none,You are leaving for home. Which word moves you?,,Distractor — shown reason: Je voudrais asks for something. It doesn't take you anywhere.,recognition,choose,chunk-je-vais,,,,,(none on item),"also: L1/s03-fill-polite-verb, L2/s03-fill-je-suis-blank, L3/s02-fill-verb-in-sandwich, L10/s03-fill-engine-chooser",,,,,,,,
QA-L07-320,F,L7,s03-fill-je-vais-blank,fill-with-traps,je suis,I am,gloss,You are leaving for home. Which word moves you?,Je suis says where you are. Je vais says where you're heading.,French named inside feedback copy,recognition,read,chunk-je-suis,,,,,(none on item),"also: L1/s03-fill-polite-verb, L2/s00-goal-etre, L2/s00-meet-je-suis-ici, L2/s01-insight-je-suis-engine, L2/s02-meet-bonjour-je-suis-ici, L2/s03-fill-je-suis-blank, L2/s04-weave-je-suis-ici, L2/s05-weave-call-and-respond, L2/s07-sayit-arrive-locate, L2/s08-recap-first-engine, L3/s01-insight-ne-pas-sandwich, L3/s10-recap-negation, L4/s00-goal-jai, L4/s01-insight-have-for-feelings, L4/s02-fill-have-not-be, L4/s02-fill-have-not-be, L6/s00-goal-petit-moment, L6/s03-weave-bonjour-je-suis-ici, L6/s07-sayit-step-in, L6/s10-recap-a-small-moment, L7/s02-insight-je-vais-frozen, L10/s03-fill-engine-chooser, L10/s01-insight-three-engines",,,,,,,,
QA-L07-321,F,L7,s03-fill-je-vais-blank,fill-with-traps,je vais,I'm going,gloss,You are leaving for home. Which word moves you?,Je vais = I'm going. The moving engine. ⏐ Je suis says where you are. Je vais says where you're heading.,French named inside feedback copy,recognition,read,chunk-je-vais,,,,,(none on item),"fields: payload.reveal.explanation (inline) ; payload.options[opt-suis].trapReason (inline) || also: L7/s00-goal-je-vais, L7/s01-meet-je-vais-a-la-maison, L7/s02-insight-je-vais-frozen, L7/s02-insight-je-vais-frozen, L7/s04-weave-heading-home, L7/s05-weave-close-the-moment, L7/s06-sayit-take-your-leave, L7/s07-recap-heading-home, L9/s03-fill-faire-blank, L10/s00-goal-integration, L10/s03-fill-engine-chooser, L10/s01-insight-three-engines, L10/s05-weave-close-the-day, L10/s07-sayit-take-your-leave, L10/s08-recap-full-day",,,,,,,,
QA-L07-322,F,L7,s03-fill-je-vais-blank,fill-with-traps,je voudrais,I would like,gloss,You are leaving for home. Which word moves you?,Je voudrais asks for something. It doesn't take you anywhere.,French named inside feedback copy,recognition,read,chunk-je-voudrais,,,,,(none on item),"also: L1/s03-fill-polite-verb, L1/s04-weave-cafe-order, L1/s06-weave-cafe-order-please, L1/s11-weave-the-order, L1/s08-sayit-cafe-order, L1/s09-recap-survival-kit, L2/s03-fill-je-suis-blank, L3/s02-fill-verb-in-sandwich, L4/s02-fill-have-not-be, L4/s02-fill-have-not-be, L5/s05-weave-je-voudrais-un-cafe, L5/s07-sayit-ask-for-a-coffee, L5/s08-recap-packages, L9/s00-goal-pause, L9/s01-meet-faire-une-pause, L9/s03-fill-faire-blank, L9/s02-insight-voudrais-carries-actions, L9/s04-weave-ask-for-a-break, L9/s05-weave-break-politely, L9/s10-insight-what-you-can-ask, L9/s06-sayit-long-afternoon, L9/s07-recap-pause, L10/s03-fill-engine-chooser, L10/s01-insight-three-engines, L10/s04-weave-midday-break, L10/s08-recap-full-day",,,,,,,,
QA-L07-323,A,L7,s04-weave-heading-home,weave,Je vais à la maison.,Say you're going home.,instruction,The evening is winding down. Let them know where you're heading.,,Typed production — mid weave,supported,type,chunk-je-vais chunk-a-la-maison,,,,,(none on item),"also: L7/s01-meet-je-vais-a-la-maison, L7/s02-insight-je-vais-frozen, L7/s03-fill-je-vais-blank, L7/s08-fill-destination-package, L7/s10-insight-leaving-two-moves, L10/s03-fill-engine-chooser, L10/s01-insight-three-engines",,,,,,,,
QA-L07-324,C,L7,s04-weave-heading-home,weave,à la maison,home,gloss,The evening is winding down. Let them know where you're heading.,Your meaning lands. The destination stays one piece: à la maison.,"Support piece shown as ""home"" (required)",recognition,read,chunk-a-la-maison,,,"piece boundary ""à la maison"" ↔ registry ""à la maison""",,(none on item),"fields: payload.suggestedPieces[].text (hint rung 1) ; payload.reveal.ifUnderstandableButWrong (inline) || also: L7/s00-goal-je-vais, L7/s01-meet-je-vais-a-la-maison, L7/s02-insight-je-vais-frozen, L7/s08-fill-destination-package, L7/s05-weave-close-the-moment, L7/s06-sayit-take-your-leave, L7/s07-recap-heading-home, L10/s03-fill-engine-chooser, L10/s05-weave-close-the-day, L10/s07-sayit-take-your-leave, L10/s08-recap-full-day",,,,,,,,
QA-L07-325,C,L7,s04-weave-heading-home,weave,je vais,I'm going,gloss,The evening is winding down. Let them know where you're heading.,Start with je vais. That is the moving shape.,"Support piece shown as ""I'm going"" (required)",recognition,read,chunk-je-vais,,,"piece boundary ""je vais"" ↔ registry ""je vais""",,(none on item),"fields: payload.suggestedPieces[].text (hint rung 1) ; payload.reveal.ifMissingTargetPiece (inline) || also: L7/s00-goal-je-vais, L7/s01-meet-je-vais-a-la-maison, L7/s02-insight-je-vais-frozen, L7/s02-insight-je-vais-frozen, L7/s03-fill-je-vais-blank, L7/s05-weave-close-the-moment, L7/s06-sayit-take-your-leave, L7/s07-recap-heading-home, L9/s03-fill-faire-blank, L10/s00-goal-integration, L10/s03-fill-engine-chooser, L10/s01-insight-three-engines, L10/s05-weave-close-the-day, L10/s07-sayit-take-your-leave, L10/s08-recap-full-day",,,,,,,,
QA-L07-326,C,L7,s04-weave-heading-home,weave,Je vais ___.,Say you're going home.,instruction,The evening is winding down. Let them know where you're heading.,,Second hint rung — a shape to fill in,recognition,read,chunk-je-vais chunk-a-la-maison,,,,,(none on item),also: L7/s08-fill-destination-package,,,,,,,,
QA-L07-327,B,L7,s08-fill-destination-package,fill-with-traps,Je vais à la maison.,(no English gloss presented),none,You are naming where you're heading. Which piece says home?,,Natural full sentence shown after the choice,model-only,read,chunk-a-la-maison chunk-je-vais,,,,,(none on item),"also: L7/s01-meet-je-vais-a-la-maison, L7/s02-insight-je-vais-frozen, L7/s03-fill-je-vais-blank, L7/s04-weave-heading-home, L7/s10-insight-leaving-two-moves, L10/s03-fill-engine-chooser, L10/s01-insight-three-engines",,,,,,,,
QA-L07-328,C,L7,s08-fill-destination-package,fill-with-traps,à la,(no English gloss presented),none,You are naming where you're heading. Which piece says home?,,Distractor — shown reason: À la opens the piece but never lands it. Keep it whole: à la maison.,recognition,choose,chunk-a-la-maison,,,,,(none on item),unique to this screen,,,,,,,,
QA-L07-329,C,L7,s08-fill-destination-package,fill-with-traps,à la maison,home,gloss,You are naming where you're heading. Which piece says home?,À la maison is one piece: home. Take it whole and it always fits. ⏐ Maison on its own is just the word for house. The piece travels with its little words: à la maison. ⏐ À la opens the piece but never lands it. Keep it whole: à la maison.,The option that completes the frame,recognition,choose,chunk-a-la-maison,,,,,(none on item),"fields: payload.options[opt-a-la-maison].text (correct) ; payload.reveal.explanation (inline) ; payload.options[opt-maison].trapReason (inline) ; payload.options[opt-a-la].trapReason (inline) || also: L7/s00-goal-je-vais, L7/s01-meet-je-vais-a-la-maison, L7/s02-insight-je-vais-frozen, L7/s04-weave-heading-home, L7/s05-weave-close-the-moment, L7/s06-sayit-take-your-leave, L7/s07-recap-heading-home, L10/s03-fill-engine-chooser, L10/s05-weave-close-the-day, L10/s07-sayit-take-your-leave, L10/s08-recap-full-day",,,,,,,,
QA-L07-330,C,L7,s08-fill-destination-package,fill-with-traps,Je vais ___ .,(no English gloss presented),none,You are naming where you're heading. Which piece says home?,,The French frame the blank sits in,recognition,read,chunk-a-la-maison,,,,,(none on item),also: L7/s04-weave-heading-home,,,,,,,,
QA-L07-331,C,L7,s08-fill-destination-package,fill-with-traps,maison,(no English gloss presented),none,You are naming where you're heading. Which piece says home?,,Distractor — shown reason: Maison on its own is just the word for house. The piece travels with its little words: à la maison.,recognition,choose,chunk-a-la-maison,,,,,(none on item),unique to this screen,,,,,,,,
QA-L07-332,A,L7,s05-weave-close-the-moment,weave,Je vais à la maison. Au revoir.,"Say you're going home, then say goodbye.",instruction,You're at the door. Close it the way you did before.,,Typed production — context weave,supported,type,chunk-je-vais chunk-a-la-maison,,,,"Je vais à la maison, au revoir.",(none on item),"also: L7/s09-reveal-the-close, L7/s09-reveal-the-close, L7/s06-sayit-take-your-leave, L10/s05-weave-close-the-day, L10/s05-weave-close-the-day, L10/s07-sayit-take-your-leave",,,,,,,,
QA-L07-333,E,L7,s05-weave-close-the-moment,weave,"Je vais à la maison, au revoir.","Say you're going home, then say goodbye.",instruction,You're at the door. Close it the way you did before.,,"Accepted instead of ""Je vais à la maison. Au revoir.""",accepted-alternative,type,chunk-je-vais chunk-a-la-maison,,,,,(none on item),"also: L7/s09-reveal-the-close, L7/s09-reveal-the-close, L7/s06-sayit-take-your-leave, L10/s05-weave-close-the-day, L10/s05-weave-close-the-day, L10/s07-sayit-take-your-leave",,,,,,,,
QA-L07-334,C,L7,s05-weave-close-the-moment,weave,à la maison,home,gloss,You're at the door. Close it the way you did before.,"Lead with je vais à la maison, then let au revoir close the door.","Support piece shown as ""home""",recognition,read,chunk-a-la-maison,,,"piece boundary ""à la maison"" ↔ registry ""à la maison""",,(none on item),"fields: payload.suggestedPieces[].text (hint rung 1) ; payload.reveal.ifMissingTargetPiece (inline) || also: L7/s00-goal-je-vais, L7/s01-meet-je-vais-a-la-maison, L7/s02-insight-je-vais-frozen, L7/s04-weave-heading-home, L7/s08-fill-destination-package, L7/s06-sayit-take-your-leave, L7/s07-recap-heading-home, L10/s03-fill-engine-chooser, L10/s05-weave-close-the-day, L10/s07-sayit-take-your-leave, L10/s08-recap-full-day",,,,,,,,
QA-L07-335,C,L7,s05-weave-close-the-moment,weave,au revoir,goodbye,gloss,You're at the door. Close it the way you did before.,"Lead with je vais à la maison, then let au revoir close the door.","Support piece shown as ""goodbye""",recognition,read,chunk-au-revoir,,,"piece boundary ""au revoir"" ↔ registry ""au revoir""",,(none on item),"fields: payload.suggestedPieces[].text (hint rung 1) ; payload.reveal.ifMissingTargetPiece (inline) || also: L6/s00-goal-petit-moment, L6/s00-insight-bonjour-to-au-revoir, L6/s00-insight-bonjour-to-au-revoir, L6/s06-meet-au-revoir, L6/s06-meet-au-revoir, L6/s08-weave-close-open, L6/s10-recap-a-small-moment, L6/s10-recap-a-small-moment, L7/s10-insight-leaving-two-moves, L7/s06-sayit-take-your-leave, L7/s07-recap-heading-home, L9/s08-fill-softener, L10/s05-weave-close-the-day, L10/s07-sayit-take-your-leave, L10/s08-recap-full-day",,,,,,,,
QA-L07-336,C,L7,s05-weave-close-the-moment,weave,je vais,I'm going,gloss,You're at the door. Close it the way you did before.,"Lead with je vais à la maison, then let au revoir close the door.","Support piece shown as ""I'm going""",recognition,read,chunk-je-vais,,,"piece boundary ""je vais"" ↔ registry ""je vais""",,(none on item),"fields: payload.suggestedPieces[].text (hint rung 1) ; payload.reveal.ifMissingTargetPiece (inline) || also: L7/s00-goal-je-vais, L7/s01-meet-je-vais-a-la-maison, L7/s02-insight-je-vais-frozen, L7/s02-insight-je-vais-frozen, L7/s03-fill-je-vais-blank, L7/s04-weave-heading-home, L7/s06-sayit-take-your-leave, L7/s07-recap-heading-home, L9/s03-fill-faire-blank, L10/s00-goal-integration, L10/s03-fill-engine-chooser, L10/s01-insight-three-engines, L10/s05-weave-close-the-day, L10/s07-sayit-take-your-leave, L10/s08-recap-full-day",,,,,,,,
QA-L07-337,C,L7,s05-weave-close-the-moment,weave,Je vais ___. Au revoir.,"Say you're going home, then say goodbye.",instruction,You're at the door. Close it the way you did before.,,Second hint rung — a shape to fill in,recognition,read,chunk-je-vais chunk-a-la-maison,,,,,(none on item),also: L10/s05-weave-close-the-day,,,,,,,,
QA-L07-338,B,L7,s09-reveal-the-close,natural-reveal,"Je vais à la maison, au revoir.",(no English gloss presented),none,Standalone natural-reveal screen,,Alternative natural version,model-only,read,,,,,,(none),"also: L7/s05-weave-close-the-moment, L7/s05-weave-close-the-moment, L7/s06-sayit-take-your-leave, L10/s05-weave-close-the-day, L10/s05-weave-close-the-day, L10/s07-sayit-take-your-leave",,,,,,,,
QA-L07-339,B,L7,s09-reveal-the-close,natural-reveal,Je vais à la maison. Au revoir.,(no English gloss presented),none,Standalone natural-reveal screen,,Natural version shown on its own screen,model-only,read,,,,,,(none),"also: L7/s05-weave-close-the-moment, L7/s05-weave-close-the-moment, L7/s06-sayit-take-your-leave, L10/s05-weave-close-the-day, L10/s05-weave-close-the-day, L10/s07-sayit-take-your-leave",,,,,,,,
QA-L07-340,F,L7,s10-insight-leaving-two-moves,insight-card,Au revoir.,Goodbye.,gloss,Insight card: Leaving is two small moves.,,"Illustrative example inside ""Leaving is two small moves.""",recognition,read,chunk-au-revoir,,,,,(none on item),"also: L6/s00-goal-petit-moment, L6/s00-insight-bonjour-to-au-revoir, L6/s00-insight-bonjour-to-au-revoir, L6/s06-meet-au-revoir, L6/s06-meet-au-revoir, L6/s08-weave-close-open, L6/s10-recap-a-small-moment, L6/s10-recap-a-small-moment, L7/s05-weave-close-the-moment, L7/s06-sayit-take-your-leave, L7/s07-recap-heading-home, L9/s08-fill-softener, L10/s05-weave-close-the-day, L10/s07-sayit-take-your-leave, L10/s08-recap-full-day",,,,,,,,
QA-L07-341,F,L7,s10-insight-leaving-two-moves,insight-card,Je vais à la maison.,I'm going home.,gloss,Insight card: Leaving is two small moves.,,"Illustrative example inside ""Leaving is two small moves.""",recognition,read,chunk-a-la-maison chunk-je-vais,,,,,(none on item),"also: L7/s01-meet-je-vais-a-la-maison, L7/s02-insight-je-vais-frozen, L7/s03-fill-je-vais-blank, L7/s04-weave-heading-home, L7/s08-fill-destination-package, L10/s03-fill-engine-chooser, L10/s01-insight-three-engines",,,,,,,,
QA-L07-342,B,L7,s06-sayit-take-your-leave,say-it-your-way,Je vais à la maison. Au revoir.,Close the moment and say where you're heading.,instruction,The small gathering is ending. People are picking up their coats. Take your leave.,,Alternative natural version shown in the reveal,model-only,read,chunk-je-vais chunk-a-la-maison,,,,,(none on item),"also: L7/s05-weave-close-the-moment, L7/s05-weave-close-the-moment, L7/s09-reveal-the-close, L7/s09-reveal-the-close, L10/s05-weave-close-the-day, L10/s05-weave-close-the-day, L10/s07-sayit-take-your-leave",,,,,,,,
QA-L07-343,B,L7,s06-sayit-take-your-leave,say-it-your-way,Merci. Je vais à la maison. Au revoir.,Close the moment and say where you're heading.,instruction,The small gathering is ending. People are picking up their coats. Take your leave.,,Model answer for the open task,model-only,read,chunk-je-vais chunk-a-la-maison,,,,,(none on item),also: L10/s07-sayit-take-your-leave,,,,,,,,
QA-L07-344,C,L7,s06-sayit-take-your-leave,say-it-your-way,à la maison,home,gloss,The small gathering is ending. People are picking up their coats. Take your leave.,Both are natural. Merci thanks the moment; je vais à la maison says where you're off to; au revoir closes the door gently.,Support piece for the open task,recognition,read,chunk-a-la-maison,,,"piece boundary ""à la maison"" ↔ registry ""à la maison""",,(none on item),"fields: payload.suggestedPieces[].text (opt-in support) ; payload.reveal.explanation (inline) || also: L7/s00-goal-je-vais, L7/s01-meet-je-vais-a-la-maison, L7/s02-insight-je-vais-frozen, L7/s04-weave-heading-home, L7/s08-fill-destination-package, L7/s05-weave-close-the-moment, L7/s07-recap-heading-home, L10/s03-fill-engine-chooser, L10/s05-weave-close-the-day, L10/s07-sayit-take-your-leave, L10/s08-recap-full-day",,,,,,,,
QA-L07-345,C,L7,s06-sayit-take-your-leave,say-it-your-way,au revoir,goodbye,gloss,The small gathering is ending. People are picking up their coats. Take your leave.,Both are natural. Merci thanks the moment; je vais à la maison says where you're off to; au revoir closes the door gently.,Support piece for the open task,recognition,read,chunk-au-revoir,,,"piece boundary ""au revoir"" ↔ registry ""au revoir""",,(none on item),"fields: payload.suggestedPieces[].text (opt-in support) ; payload.reveal.explanation (inline) || also: L6/s00-goal-petit-moment, L6/s00-insight-bonjour-to-au-revoir, L6/s00-insight-bonjour-to-au-revoir, L6/s06-meet-au-revoir, L6/s06-meet-au-revoir, L6/s08-weave-close-open, L6/s10-recap-a-small-moment, L6/s10-recap-a-small-moment, L7/s05-weave-close-the-moment, L7/s10-insight-leaving-two-moves, L7/s07-recap-heading-home, L9/s08-fill-softener, L10/s05-weave-close-the-day, L10/s07-sayit-take-your-leave, L10/s08-recap-full-day",,,,,,,,
QA-L07-346,C,L7,s06-sayit-take-your-leave,say-it-your-way,je vais,I'm going,gloss,The small gathering is ending. People are picking up their coats. Take your leave.,Both are natural. Merci thanks the moment; je vais à la maison says where you're off to; au revoir closes the door gently.,Support piece for the open task,recognition,read,chunk-je-vais,,,"piece boundary ""je vais"" ↔ registry ""je vais""",,(none on item),"fields: payload.suggestedPieces[].text (opt-in support) ; payload.reveal.explanation (inline) || also: L7/s00-goal-je-vais, L7/s01-meet-je-vais-a-la-maison, L7/s02-insight-je-vais-frozen, L7/s02-insight-je-vais-frozen, L7/s03-fill-je-vais-blank, L7/s04-weave-heading-home, L7/s05-weave-close-the-moment, L7/s07-recap-heading-home, L9/s03-fill-faire-blank, L10/s00-goal-integration, L10/s03-fill-engine-chooser, L10/s01-insight-three-engines, L10/s05-weave-close-the-day, L10/s07-sayit-take-your-leave, L10/s08-recap-full-day",,,,,,,,
QA-L07-347,C,L7,s06-sayit-take-your-leave,say-it-your-way,merci,thank you,gloss,The small gathering is ending. People are picking up their coats. Take your leave.,Both are natural. Merci thanks the moment; je vais à la maison says where you're off to; au revoir closes the door gently.,Support piece for the open task,recognition,read,chunk-merci,sent:l01-merci,,"piece boundary ""merci"" ↔ registry ""merci""",,founder_waived_provisional,"fields: payload.suggestedPieces[].text (opt-in support) ; payload.reveal.explanation (inline) || also: L1/s00-goal-survival-kit, L1/s01-insight-survival-kit, L1/s07-meet-merci, L1/s07-meet-merci, L1/s10-weave-merci-thanks, L1/s10-weave-merci-thanks, L1/s10-weave-merci-thanks, L1/s08-sayit-cafe-order, L1/s09-recap-survival-kit, L3/s05-fill-refuse-politely, L6/s00-goal-petit-moment, L6/s04-fill-decline-offer, L6/s04-fill-decline-offer, L6/s08-weave-close-open, L6/s10-recap-a-small-moment, L7/s07-recap-heading-home, L9/s08-fill-softener, L10/s07-sayit-take-your-leave",,,,,,,,
QA-L07-348,C,L7,s07-recap-heading-home,recap,à la maison,home,gloss,Recap: You can leave well.,,Chip listed back as a piece the learner used,recycled,read,chunk-a-la-maison,,,,,(none on item),"also: L7/s00-goal-je-vais, L7/s01-meet-je-vais-a-la-maison, L7/s02-insight-je-vais-frozen, L7/s04-weave-heading-home, L7/s08-fill-destination-package, L7/s05-weave-close-the-moment, L7/s06-sayit-take-your-leave, L10/s03-fill-engine-chooser, L10/s05-weave-close-the-day, L10/s07-sayit-take-your-leave, L10/s08-recap-full-day",,,,,,,,
QA-L07-349,C,L7,s07-recap-heading-home,recap,Au revoir,goodbye,gloss,Recap: You can leave well.,,Chip listed back as a piece the learner used,recycled,read,chunk-au-revoir,,,,,(none on item),"also: L6/s00-goal-petit-moment, L6/s00-insight-bonjour-to-au-revoir, L6/s00-insight-bonjour-to-au-revoir, L6/s06-meet-au-revoir, L6/s06-meet-au-revoir, L6/s08-weave-close-open, L6/s10-recap-a-small-moment, L6/s10-recap-a-small-moment, L7/s05-weave-close-the-moment, L7/s10-insight-leaving-two-moves, L7/s06-sayit-take-your-leave, L9/s08-fill-softener, L10/s05-weave-close-the-day, L10/s07-sayit-take-your-leave, L10/s08-recap-full-day",,,,,,,,
QA-L07-350,C,L7,s07-recap-heading-home,recap,je vais,I'm going,gloss,Recap: You can leave well.,Je vais stayed one solid piece the whole way.,Chip listed back as a piece the learner used,recycled,read,chunk-je-vais,,,,,(none on item),"fields: payload.piecesUsed[0] ; payload.lines[2] (inline) || also: L7/s00-goal-je-vais, L7/s01-meet-je-vais-a-la-maison, L7/s02-insight-je-vais-frozen, L7/s02-insight-je-vais-frozen, L7/s03-fill-je-vais-blank, L7/s04-weave-heading-home, L7/s05-weave-close-the-moment, L7/s06-sayit-take-your-leave, L9/s03-fill-faire-blank, L10/s00-goal-integration, L10/s03-fill-engine-chooser, L10/s01-insight-three-engines, L10/s05-weave-close-the-day, L10/s07-sayit-take-your-leave, L10/s08-recap-full-day",,,,,,,,
QA-L07-351,C,L7,s07-recap-heading-home,recap,Merci,thank you,gloss,Recap: You can leave well.,,Chip listed back as a piece the learner used,recycled,read,chunk-merci,sent:l01-merci,,,,founder_waived_provisional,"also: L1/s00-goal-survival-kit, L1/s01-insight-survival-kit, L1/s07-meet-merci, L1/s07-meet-merci, L1/s10-weave-merci-thanks, L1/s10-weave-merci-thanks, L1/s10-weave-merci-thanks, L1/s08-sayit-cafe-order, L1/s09-recap-survival-kit, L3/s05-fill-refuse-politely, L6/s00-goal-petit-moment, L6/s04-fill-decline-offer, L6/s04-fill-decline-offer, L6/s08-weave-close-open, L6/s10-recap-a-small-moment, L7/s06-sayit-take-your-leave, L9/s08-fill-softener, L10/s07-sayit-take-your-leave",,,,,,,,
QA-L08-352,F,L8,s00-goal-ou,insight-card,c'est où ?,where is it?,gloss,Insight card: Asking where,"Today: the smallest useful question, c'est où ? By the end: you can ask where something is, and answer. Main pieces: où, c'est, ici.",French named inside explanatory copy,recognition,read,chunk-c-est-ou,,,,,(none on item),"also: L8/s01-meet-c-est-ou, L8/s03-fill-c-est-blank, L8/s04-weave-ask-where, L8/s04-weave-ask-where, L8/s02-insight-ou-frozen, L8/s02-insight-ou-frozen, L8/s06-sayit-find-the-room, L10/s02-weave-arrive-ask-where",,,,,,,,
QA-L08-353,F,L8,s00-goal-ou,insight-card,ici,here,gloss,Insight card: Asking where,"Today: the smallest useful question, c'est où ? By the end: you can ask where something is, and answer. Main pieces: où, c'est, ici.",French named inside explanatory copy,recognition,read,word-ici,,,,,(none on item),"also: L2/s00-goal-etre, L2/s00-meet-je-suis-ici, L2/s02-meet-bonjour-je-suis-ici, L2/s03-fill-je-suis-blank, L2/s04-weave-je-suis-ici, L2/s05-weave-call-and-respond, L2/s07-sayit-arrive-locate, L2/s08-recap-first-engine, L3/s06-weave-je-ne-suis-pas-ici, L3/s07-weave-ce-n-est-pas-ici, L3/s08-weave-non-je-ne-suis-pas-ici, L3/s09-sayit-not-here, L4/s00-goal-jai, L6/s00-goal-petit-moment, L6/s03-weave-bonjour-je-suis-ici, L6/s07-sayit-step-in, L6/s10-recap-a-small-moment, L8/s03-fill-c-est-blank, L8/s08-meet-c-est-ici, L8/s09-fill-which-side, L8/s05-weave-answer-here, L8/s10-reveal-both-sides, L8/s07-recap-ou",,,,,,,,
QA-L08-354,C,L8,s01-meet-c-est-ou,meet-card,c'est,it is / that is,gloss,Two words. One question.,,Highlighted chunk boundary inside the meet sentence,supported,read,chunk-c-est,,,"highlight span of ""C'est où ?""",,(none on item),"also: L3/s07-weave-ce-n-est-pas-ici, L3/s10-recap-negation, L8/s03-fill-c-est-blank, L8/s04-weave-ask-where, L8/s08-meet-c-est-ici, L8/s05-weave-answer-here, L8/s06-sayit-find-the-room, L8/s07-recap-ou, L10/s00-goal-integration, L10/s09-meet-morning-arrival, L10/s02-weave-arrive-ask-where, L10/s08-recap-full-day",,,,,,,,
QA-L08-355,C,L8,s01-meet-c-est-ou,meet-card,C'est où ?,Where is it?,gloss,Two words. One question.,,First contact / re-contact: Two words. One question.,supported,listen,chunk-c-est-ou adverb-ou-where,,,c'est → chunk-c-est | où → adverb-ou-where,,(none on item),"also: L8/s00-goal-ou, L8/s03-fill-c-est-blank, L8/s04-weave-ask-where, L8/s04-weave-ask-where, L8/s02-insight-ou-frozen, L8/s02-insight-ou-frozen, L8/s06-sayit-find-the-room, L10/s02-weave-arrive-ask-where",,,,,,,,
QA-L08-356,C,L8,s01-meet-c-est-ou,meet-card,où,where,gloss,Two words. One question.,,Highlighted chunk boundary inside the meet sentence,supported,read,adverb-ou-where,,,"highlight span of ""C'est où ?""",,(none on item),"also: L8/s03-fill-c-est-blank, L8/s04-weave-ask-where, L8/s09-fill-which-side, L8/s06-sayit-find-the-room, L8/s07-recap-ou, L10/s09-meet-morning-arrival, L10/s02-weave-arrive-ask-where, L10/s08-recap-full-day",,,,,,,,
QA-L08-357,B,L8,s03-fill-c-est-blank,fill-with-traps,C'est où ?,(no English gloss presented),none,You need a room and cannot see it. Which word asks?,,Natural full sentence shown after the choice,model-only,read,chunk-c-est-ou,,,,,(none on item),"also: L8/s00-goal-ou, L8/s01-meet-c-est-ou, L8/s04-weave-ask-where, L8/s04-weave-ask-where, L8/s02-insight-ou-frozen, L8/s02-insight-ou-frozen, L8/s06-sayit-find-the-room, L10/s02-weave-arrive-ask-where",,,,,,,,
QA-L08-358,C,L8,s03-fill-c-est-blank,fill-with-traps,C'est ___ ?,(no English gloss presented),none,You need a room and cannot see it. Which word asks?,,The French frame the blank sits in,recognition,read,adverb-ou-where chunk-c-est-ou,,,,,(none on item),also: L8/s04-weave-ask-where,,,,,,,,
QA-L08-359,C,L8,s03-fill-c-est-blank,fill-with-traps,ici,here,gloss,You need a room and cannot see it. Which word asks?,Ici answers the question. It says here. It cannot ask where.,Distractor — shown reason: Ici answers the question. It says here. It cannot ask where.,recognition,choose,word-ici,,,,,(none on item),"fields: payload.options[opt-ici].text (trap) ; payload.options[opt-ici].trapReason (inline) || also: L2/s00-goal-etre, L2/s00-meet-je-suis-ici, L2/s02-meet-bonjour-je-suis-ici, L2/s03-fill-je-suis-blank, L2/s04-weave-je-suis-ici, L2/s05-weave-call-and-respond, L2/s07-sayit-arrive-locate, L2/s08-recap-first-engine, L3/s06-weave-je-ne-suis-pas-ici, L3/s07-weave-ce-n-est-pas-ici, L3/s08-weave-non-je-ne-suis-pas-ici, L3/s09-sayit-not-here, L4/s00-goal-jai, L6/s00-goal-petit-moment, L6/s03-weave-bonjour-je-suis-ici, L6/s07-sayit-step-in, L6/s10-recap-a-small-moment, L8/s00-goal-ou, L8/s08-meet-c-est-ici, L8/s09-fill-which-side, L8/s05-weave-answer-here, L8/s10-reveal-both-sides, L8/s07-recap-ou",,,,,,,,
QA-L08-360,C,L8,s03-fill-c-est-blank,fill-with-traps,où,where,gloss,You need a room and cannot see it. Which word asks?,,The option that completes the frame,recognition,choose,adverb-ou-where,,,,,(none on item),"also: L8/s01-meet-c-est-ou, L8/s04-weave-ask-where, L8/s09-fill-which-side, L8/s06-sayit-find-the-room, L8/s07-recap-ou, L10/s09-meet-morning-arrival, L10/s02-weave-arrive-ask-where, L10/s08-recap-full-day",,,,,,,,
QA-L08-361,C,L8,s03-fill-c-est-blank,fill-with-traps,oui,yes,gloss,You need a room and cannot see it. Which word asks?,Oui says yes. It cannot ask anything.,Distractor — shown reason: Oui says yes. It cannot ask anything.,recognition,choose,chunk-oui,,,,,(none on item),"fields: payload.options[opt-oui].text (trap) ; payload.options[opt-oui].trapReason (inline) || also: L3/s04-insight-oui-non, L3/s04-insight-oui-non, L3/s05-fill-refuse-politely, L8/s09-fill-which-side",,,,,,,,
QA-L08-362,F,L8,s03-fill-c-est-blank,fill-with-traps,c'est,it is / that is,gloss,You need a room and cannot see it. Which word asks?,Où = where. It turns c'est into a question.,French named inside feedback copy,recognition,read,chunk-c-est,,,,,(none on item),"also: L3/s07-weave-ce-n-est-pas-ici, L3/s10-recap-negation, L8/s01-meet-c-est-ou, L8/s04-weave-ask-where, L8/s08-meet-c-est-ici, L8/s05-weave-answer-here, L8/s06-sayit-find-the-room, L8/s07-recap-ou, L10/s00-goal-integration, L10/s09-meet-morning-arrival, L10/s02-weave-arrive-ask-where, L10/s08-recap-full-day",,,,,,,,
QA-L08-363,A,L8,s04-weave-ask-where,weave,C'est où ?,Ask where it is.,instruction,You're looking for the room. Someone friendly is standing nearby.,,Typed production — context weave,supported,type,chunk-c-est-ou adverb-ou-where,,,,C'est où | c'est où,(none on item),"also: L8/s00-goal-ou, L8/s01-meet-c-est-ou, L8/s03-fill-c-est-blank, L8/s02-insight-ou-frozen, L8/s02-insight-ou-frozen, L8/s06-sayit-find-the-room, L10/s02-weave-arrive-ask-where",,,,,,,,
QA-L08-364,E,L8,s04-weave-ask-where,weave,c'est où,Ask where it is.,instruction,You're looking for the room. Someone friendly is standing nearby.,,"Accepted instead of ""C'est où ?""",accepted-alternative,type,chunk-c-est-ou adverb-ou-where,,,,,(none on item),unique to this screen,,,,,,,,
QA-L08-365,E,L8,s04-weave-ask-where,weave,C'est où,Ask where it is.,instruction,You're looking for the room. Someone friendly is standing nearby.,,"Accepted instead of ""C'est où ?""",accepted-alternative,type,chunk-c-est-ou adverb-ou-where,,,,,(none on item),unique to this screen,,,,,,,,
QA-L08-366,C,L8,s04-weave-ask-where,weave,c'est,it is / that is,gloss,You're looking for the room. Someone friendly is standing nearby.,Où is the word that asks. Put it after c'est.,"Support piece shown as ""it is""",recognition,read,chunk-c-est,,,"piece boundary ""c'est"" ↔ registry ""c'est""",,(none on item),"fields: payload.suggestedPieces[].text (hint rung 1) ; payload.reveal.ifMissingTargetPiece (inline) || also: L3/s07-weave-ce-n-est-pas-ici, L3/s10-recap-negation, L8/s01-meet-c-est-ou, L8/s03-fill-c-est-blank, L8/s08-meet-c-est-ici, L8/s05-weave-answer-here, L8/s06-sayit-find-the-room, L8/s07-recap-ou, L10/s00-goal-integration, L10/s09-meet-morning-arrival, L10/s02-weave-arrive-ask-where, L10/s08-recap-full-day",,,,,,,,
QA-L08-367,C,L8,s04-weave-ask-where,weave,C'est ___ ?,Ask where it is.,instruction,You're looking for the room. Someone friendly is standing nearby.,,Second hint rung — a shape to fill in,recognition,read,chunk-c-est-ou adverb-ou-where,,,,,(none on item),also: L8/s03-fill-c-est-blank,,,,,,,,
QA-L08-368,C,L8,s04-weave-ask-where,weave,où,where,gloss,You're looking for the room. Someone friendly is standing nearby.,,"Support piece shown as ""where""",recognition,read,adverb-ou-where,,,"piece boundary ""où"" ↔ registry ""où""",,(none on item),"also: L8/s01-meet-c-est-ou, L8/s03-fill-c-est-blank, L8/s09-fill-which-side, L8/s06-sayit-find-the-room, L8/s07-recap-ou, L10/s09-meet-morning-arrival, L10/s02-weave-arrive-ask-where, L10/s08-recap-full-day",,,,,,,,
QA-L08-369,F,L8,s04-weave-ask-where,weave,c'est où ?,where is it?,gloss,You're looking for the room. Someone friendly is standing nearby.,Your meaning lands. Spoken French keeps it this short: C'est où ?,French named inside feedback copy,recognition,read,chunk-c-est-ou,,,,,(none on item),"also: L8/s00-goal-ou, L8/s01-meet-c-est-ou, L8/s03-fill-c-est-blank, L8/s02-insight-ou-frozen, L8/s02-insight-ou-frozen, L8/s06-sayit-find-the-room, L10/s02-weave-arrive-ask-where",,,,,,,,
QA-L08-370,F,L8,s02-insight-ou-frozen,insight-card,c'est où ?,where is it?,gloss,Insight card: It's... where?,"Où = where. Spoken French loves this shape: C'est où ? Literally, ""it's where?"". You already own c'est. Take the question whole.",French named inside explanatory copy,recognition,read,chunk-c-est-ou,,,,,(none on item),"also: L8/s00-goal-ou, L8/s01-meet-c-est-ou, L8/s03-fill-c-est-blank, L8/s04-weave-ask-where, L8/s04-weave-ask-where, L8/s06-sayit-find-the-room, L10/s02-weave-arrive-ask-where",,,,,,,,
QA-L08-371,F,L8,s02-insight-ou-frozen,insight-card,C'est où ?,Where is it?,gloss,Insight card: It's... where?,,"Illustrative example inside ""It's... where?""",recognition,read,chunk-c-est-ou,,,,,(none on item),"also: L8/s00-goal-ou, L8/s01-meet-c-est-ou, L8/s03-fill-c-est-blank, L8/s04-weave-ask-where, L8/s04-weave-ask-where, L8/s06-sayit-find-the-room, L10/s02-weave-arrive-ask-where",,,,,,,,
QA-L08-372,F,L8,s02-insight-ou-frozen,insight-card,"Le café, c'est où ?","The café, where is it?",gloss,Insight card: It's... where?,,"Illustrative example inside ""It's... where?""",recognition,read,chunk-c-est-ou noun-cafe,,,,,(none on item),also: L8/s10-reveal-both-sides,,,,,,,,
QA-L08-373,C,L8,s08-meet-c-est-ici,meet-card,c'est,it is / that is,gloss,The other side of the question.,,Highlighted chunk boundary inside the meet sentence,supported,read,chunk-c-est,,,"highlight span of ""C'est ici.""",,(none on item),"also: L3/s07-weave-ce-n-est-pas-ici, L3/s10-recap-negation, L8/s01-meet-c-est-ou, L8/s03-fill-c-est-blank, L8/s04-weave-ask-where, L8/s05-weave-answer-here, L8/s06-sayit-find-the-room, L8/s07-recap-ou, L10/s00-goal-integration, L10/s09-meet-morning-arrival, L10/s02-weave-arrive-ask-where, L10/s08-recap-full-day",,,,,,,,
QA-L08-374,C,L8,s08-meet-c-est-ici,meet-card,C'est ici.,It's here.,gloss,The other side of the question.,,First contact / re-contact: The other side of the question.,supported,listen,chunk-c-est,,,c'est → chunk-c-est | ici → word-ici,,(none on item),"also: L3/s01-insight-ne-pas-sandwich, L8/s09-fill-which-side, L8/s05-weave-answer-here",,,,,,,,
QA-L08-375,C,L8,s08-meet-c-est-ici,meet-card,ici,here,gloss,The other side of the question.,,Highlighted chunk boundary inside the meet sentence,recognition,read,word-ici,,,"highlight span of ""C'est ici.""",,(none on item),"also: L2/s00-goal-etre, L2/s00-meet-je-suis-ici, L2/s02-meet-bonjour-je-suis-ici, L2/s03-fill-je-suis-blank, L2/s04-weave-je-suis-ici, L2/s05-weave-call-and-respond, L2/s07-sayit-arrive-locate, L2/s08-recap-first-engine, L3/s06-weave-je-ne-suis-pas-ici, L3/s07-weave-ce-n-est-pas-ici, L3/s08-weave-non-je-ne-suis-pas-ici, L3/s09-sayit-not-here, L4/s00-goal-jai, L6/s00-goal-petit-moment, L6/s03-weave-bonjour-je-suis-ici, L6/s07-sayit-step-in, L6/s10-recap-a-small-moment, L8/s00-goal-ou, L8/s03-fill-c-est-blank, L8/s09-fill-which-side, L8/s05-weave-answer-here, L8/s10-reveal-both-sides, L8/s07-recap-ou",,,,,,,,
QA-L08-376,B,L8,s09-fill-which-side,fill-with-traps,C'est ici.,(no English gloss presented),none,Someone asks you where it is. You are standing at the door. Which word answers?,,Natural full sentence shown after the choice,model-only,read,chunk-c-est word-ici,,,,,(none on item),"also: L3/s01-insight-ne-pas-sandwich, L8/s08-meet-c-est-ici, L8/s05-weave-answer-here",,,,,,,,
QA-L08-377,C,L8,s09-fill-which-side,fill-with-traps,C'est ___ .,(no English gloss presented),none,Someone asks you where it is. You are standing at the door. Which word answers?,,The French frame the blank sits in,recognition,read,chunk-c-est,,,,,(none on item),also: L8/s05-weave-answer-here,,,,,,,,
QA-L08-378,C,L8,s09-fill-which-side,fill-with-traps,ici,here,gloss,Someone asks you where it is. You are standing at the door. Which word answers?,Ici = here. It lands the answer where you are standing.,The option that completes the frame,recognition,choose,word-ici,,,,,(none on item),"fields: payload.options[opt-ici-answer].text (correct) ; payload.reveal.explanation (inline) || also: L2/s00-goal-etre, L2/s00-meet-je-suis-ici, L2/s02-meet-bonjour-je-suis-ici, L2/s03-fill-je-suis-blank, L2/s04-weave-je-suis-ici, L2/s05-weave-call-and-respond, L2/s07-sayit-arrive-locate, L2/s08-recap-first-engine, L3/s06-weave-je-ne-suis-pas-ici, L3/s07-weave-ce-n-est-pas-ici, L3/s08-weave-non-je-ne-suis-pas-ici, L3/s09-sayit-not-here, L4/s00-goal-jai, L6/s00-goal-petit-moment, L6/s03-weave-bonjour-je-suis-ici, L6/s07-sayit-step-in, L6/s10-recap-a-small-moment, L8/s00-goal-ou, L8/s03-fill-c-est-blank, L8/s08-meet-c-est-ici, L8/s05-weave-answer-here, L8/s10-reveal-both-sides, L8/s07-recap-ou",,,,,,,,
QA-L08-379,C,L8,s09-fill-which-side,fill-with-traps,où,where,gloss,Someone asks you where it is. You are standing at the door. Which word answers?,,Distractor — shown reason: Où asks the question. Using it here would hand the question back instead of answering it.,recognition,choose,adverb-ou-where,,,,,(none on item),"also: L8/s01-meet-c-est-ou, L8/s03-fill-c-est-blank, L8/s04-weave-ask-where, L8/s06-sayit-find-the-room, L8/s07-recap-ou, L10/s09-meet-morning-arrival, L10/s02-weave-arrive-ask-where, L10/s08-recap-full-day",,,,,,,,
QA-L08-380,C,L8,s09-fill-which-side,fill-with-traps,oui,yes,gloss,Someone asks you where it is. You are standing at the door. Which word answers?,Oui says yes. Nobody asked a yes or no question.,Distractor — shown reason: Oui says yes. Nobody asked a yes or no question.,recognition,choose,chunk-oui,,,,,(none on item),"fields: payload.options[opt-oui-answer].text (trap) ; payload.options[opt-oui-answer].trapReason (inline) || also: L3/s04-insight-oui-non, L3/s04-insight-oui-non, L3/s05-fill-refuse-politely, L8/s03-fill-c-est-blank",,,,,,,,
QA-L08-381,A,L8,s05-weave-answer-here,weave,C'est ici.,Tell them: it's here.,instruction,Now you're the local. Someone asks you C'est où ? And you're standing right at the door.,,Typed production — context weave,supported,type,chunk-c-est,,,,,(none on item),"also: L3/s01-insight-ne-pas-sandwich, L8/s08-meet-c-est-ici, L8/s09-fill-which-side",,,,,,,,
QA-L08-382,C,L8,s05-weave-answer-here,weave,c'est,it is / that is,gloss,Now you're the local. Someone asks you C'est où ? And you're standing right at the door.,Your meaning lands. Spoken French answers just as short: C'est ici. ⏐ C'est carries the answer. Ici lands it.,"Support piece shown as ""it is""",recognition,read,chunk-c-est,,,"piece boundary ""c'est"" ↔ registry ""c'est""",,(none on item),"fields: payload.suggestedPieces[].text (hint rung 1) ; payload.reveal.ifUnderstandableButWrong (inline) ; payload.reveal.ifMissingTargetPiece (inline) || also: L3/s07-weave-ce-n-est-pas-ici, L3/s10-recap-negation, L8/s01-meet-c-est-ou, L8/s03-fill-c-est-blank, L8/s04-weave-ask-where, L8/s08-meet-c-est-ici, L8/s06-sayit-find-the-room, L8/s07-recap-ou, L10/s00-goal-integration, L10/s09-meet-morning-arrival, L10/s02-weave-arrive-ask-where, L10/s08-recap-full-day",,,,,,,,
QA-L08-383,C,L8,s05-weave-answer-here,weave,C'est ___.,Tell them: it's here.,instruction,Now you're the local. Someone asks you C'est où ? And you're standing right at the door.,,Second hint rung — a shape to fill in,recognition,read,chunk-c-est,,,,,(none on item),also: L8/s09-fill-which-side,,,,,,,,
QA-L08-384,C,L8,s05-weave-answer-here,weave,ici,here,gloss,Now you're the local. Someone asks you C'est où ? And you're standing right at the door.,Your meaning lands. Spoken French answers just as short: C'est ici. ⏐ C'est carries the answer. Ici lands it.,"Support piece shown as ""here""",recognition,read,word-ici,,,"piece boundary ""ici"" ↔ registry ""ici""",,(none on item),"fields: payload.suggestedPieces[].text (hint rung 1) ; payload.reveal.ifUnderstandableButWrong (inline) ; payload.reveal.ifMissingTargetPiece (inline) || also: L2/s00-goal-etre, L2/s00-meet-je-suis-ici, L2/s02-meet-bonjour-je-suis-ici, L2/s03-fill-je-suis-blank, L2/s04-weave-je-suis-ici, L2/s05-weave-call-and-respond, L2/s07-sayit-arrive-locate, L2/s08-recap-first-engine, L3/s06-weave-je-ne-suis-pas-ici, L3/s07-weave-ce-n-est-pas-ici, L3/s08-weave-non-je-ne-suis-pas-ici, L3/s09-sayit-not-here, L4/s00-goal-jai, L6/s00-goal-petit-moment, L6/s03-weave-bonjour-je-suis-ici, L6/s07-sayit-step-in, L6/s10-recap-a-small-moment, L8/s00-goal-ou, L8/s03-fill-c-est-blank, L8/s08-meet-c-est-ici, L8/s09-fill-which-side, L8/s10-reveal-both-sides, L8/s07-recap-ou",,,,,,,,
QA-L08-385,B,L8,s10-reveal-both-sides,natural-reveal,C'est où ? C'est ici.,(no English gloss presented),none,Standalone natural-reveal screen,,Natural version shown on its own screen,model-only,read,,,,,,(none),unique to this screen,,,,,,,,
QA-L08-386,B,L8,s10-reveal-both-sides,natural-reveal,"Le café, c'est où ?",(no English gloss presented),none,Standalone natural-reveal screen,,Alternative natural version,model-only,read,,,,,,(none),also: L8/s02-insight-ou-frozen,,,,,,,,
QA-L08-387,F,L8,s10-reveal-both-sides,natural-reveal,ici,here,gloss,Standalone natural-reveal screen,The same two words do both jobs. Où turns it into a question; ici answers it. Put a name in front and you can ask about anything you can point at.,French named inside explanatory copy,recognition,read,word-ici,,,,,(none on item),"also: L2/s00-goal-etre, L2/s00-meet-je-suis-ici, L2/s02-meet-bonjour-je-suis-ici, L2/s03-fill-je-suis-blank, L2/s04-weave-je-suis-ici, L2/s05-weave-call-and-respond, L2/s07-sayit-arrive-locate, L2/s08-recap-first-engine, L3/s06-weave-je-ne-suis-pas-ici, L3/s07-weave-ce-n-est-pas-ici, L3/s08-weave-non-je-ne-suis-pas-ici, L3/s09-sayit-not-here, L4/s00-goal-jai, L6/s00-goal-petit-moment, L6/s03-weave-bonjour-je-suis-ici, L6/s07-sayit-step-in, L6/s10-recap-a-small-moment, L8/s00-goal-ou, L8/s03-fill-c-est-blank, L8/s08-meet-c-est-ici, L8/s09-fill-which-side, L8/s05-weave-answer-here, L8/s07-recap-ou",,,,,,,,
QA-L08-388,B,L8,s06-sayit-find-the-room,say-it-your-way,"Bonjour, c'est où ?","Open politely, then ask where it is.",instruction,"A hallway with three doors, no signs. Someone comes out of one of them. Find your room.",,Model answer for the open task,model-only,read,chunk-c-est-ou,,,,,(none on item),"also: L10/s09-meet-morning-arrival, L10/s02-weave-arrive-ask-where, L10/s02-weave-arrive-ask-where",,,,,,,,
QA-L08-389,B,L8,s06-sayit-find-the-room,say-it-your-way,C'est où ?,"Open politely, then ask where it is.",instruction,"A hallway with three doors, no signs. Someone comes out of one of them. Find your room.",,Alternative natural version shown in the reveal,model-only,read,chunk-c-est-ou,,,,,(none on item),"also: L8/s00-goal-ou, L8/s01-meet-c-est-ou, L8/s03-fill-c-est-blank, L8/s04-weave-ask-where, L8/s04-weave-ask-where, L8/s02-insight-ou-frozen, L8/s02-insight-ou-frozen, L10/s02-weave-arrive-ask-where",,,,,,,,
QA-L08-390,C,L8,s06-sayit-find-the-room,say-it-your-way,bonjour,Hello,gloss,"A hallway with three doors, no signs. Someone comes out of one of them. Find your room.",,Support piece for the open task,recognition,read,chunk-bonjour,,,"piece boundary ""bonjour"" ↔ registry ""Bonjour""",,(none on item),"also: L1/s04-weave-cafe-order, L1/s01-insight-survival-kit, L1/s06-weave-cafe-order-please, L1/s08-sayit-cafe-order, L1/s09-recap-survival-kit, L2/s02-meet-bonjour-je-suis-ici, L2/s03-fill-je-suis-blank, L2/s03-fill-je-suis-blank, L2/s07-sayit-arrive-locate, L2/s08-recap-first-engine, L3/s02-fill-verb-in-sandwich, L3/s02-fill-verb-in-sandwich, L4/s06-weave-bonjour-j-ai-une-question, L4/s07-sayit-how-you-feel, L4/s08-recap-jai, L6/s00-goal-petit-moment, L6/s01-meet-bonjour-at-the-door, L6/s01-meet-bonjour-at-the-door, L6/s03-weave-bonjour-je-suis-ici, L6/s00-insight-bonjour-to-au-revoir, L6/s00-insight-bonjour-to-au-revoir, L6/s07-sayit-step-in, L6/s10-recap-a-small-moment, L8/s07-recap-ou, L10/s09-meet-morning-arrival, L10/s02-weave-arrive-ask-where, L10/s02-weave-arrive-ask-where, L10/s05-weave-close-the-day, L10/s08-recap-full-day",,,,,,,,
QA-L08-391,C,L8,s06-sayit-find-the-room,say-it-your-way,c'est,it is / that is,gloss,"A hallway with three doors, no signs. Someone comes out of one of them. Find your room.",,Support piece for the open task,recognition,read,chunk-c-est,,,"piece boundary ""c'est"" ↔ registry ""c'est""",,(none on item),"also: L3/s07-weave-ce-n-est-pas-ici, L3/s10-recap-negation, L8/s01-meet-c-est-ou, L8/s03-fill-c-est-blank, L8/s04-weave-ask-where, L8/s08-meet-c-est-ici, L8/s05-weave-answer-here, L8/s07-recap-ou, L10/s00-goal-integration, L10/s09-meet-morning-arrival, L10/s02-weave-arrive-ask-where, L10/s08-recap-full-day",,,,,,,,
QA-L08-392,C,L8,s06-sayit-find-the-room,say-it-your-way,où,where,gloss,"A hallway with three doors, no signs. Someone comes out of one of them. Find your room.",,Support piece for the open task,recognition,read,adverb-ou-where,,,"piece boundary ""où"" ↔ registry ""où""",,(none on item),"also: L8/s01-meet-c-est-ou, L8/s03-fill-c-est-blank, L8/s04-weave-ask-where, L8/s09-fill-which-side, L8/s07-recap-ou, L10/s09-meet-morning-arrival, L10/s02-weave-arrive-ask-where, L10/s08-recap-full-day",,,,,,,,
QA-L08-393,F,L8,s06-sayit-find-the-room,say-it-your-way,Bonjour,Hello,gloss,"A hallway with three doors, no signs. Someone comes out of one of them. Find your room.","Both work. Bonjour opens the moment first. The greeting habit, still carrying you.",French named inside explanatory copy,recognition,read,chunk-bonjour,,,,,(none on item),"also: L1/s04-weave-cafe-order, L1/s01-insight-survival-kit, L1/s06-weave-cafe-order-please, L1/s08-sayit-cafe-order, L1/s09-recap-survival-kit, L2/s02-meet-bonjour-je-suis-ici, L2/s03-fill-je-suis-blank, L2/s03-fill-je-suis-blank, L2/s07-sayit-arrive-locate, L2/s08-recap-first-engine, L3/s02-fill-verb-in-sandwich, L3/s02-fill-verb-in-sandwich, L4/s06-weave-bonjour-j-ai-une-question, L4/s07-sayit-how-you-feel, L4/s08-recap-jai, L6/s00-goal-petit-moment, L6/s01-meet-bonjour-at-the-door, L6/s01-meet-bonjour-at-the-door, L6/s03-weave-bonjour-je-suis-ici, L6/s00-insight-bonjour-to-au-revoir, L6/s00-insight-bonjour-to-au-revoir, L6/s07-sayit-step-in, L6/s10-recap-a-small-moment, L8/s07-recap-ou, L10/s09-meet-morning-arrival, L10/s02-weave-arrive-ask-where, L10/s02-weave-arrive-ask-where, L10/s05-weave-close-the-day, L10/s08-recap-full-day",,,,,,,,
QA-L08-394,C,L8,s07-recap-ou,recap,Bonjour,Hello,gloss,Recap: You can ask where.,,Chip listed back as a piece the learner used,recycled,read,chunk-bonjour,,,,,(none on item),"also: L1/s04-weave-cafe-order, L1/s01-insight-survival-kit, L1/s06-weave-cafe-order-please, L1/s08-sayit-cafe-order, L1/s09-recap-survival-kit, L2/s02-meet-bonjour-je-suis-ici, L2/s03-fill-je-suis-blank, L2/s03-fill-je-suis-blank, L2/s07-sayit-arrive-locate, L2/s08-recap-first-engine, L3/s02-fill-verb-in-sandwich, L3/s02-fill-verb-in-sandwich, L4/s06-weave-bonjour-j-ai-une-question, L4/s07-sayit-how-you-feel, L4/s08-recap-jai, L6/s00-goal-petit-moment, L6/s01-meet-bonjour-at-the-door, L6/s01-meet-bonjour-at-the-door, L6/s03-weave-bonjour-je-suis-ici, L6/s00-insight-bonjour-to-au-revoir, L6/s00-insight-bonjour-to-au-revoir, L6/s07-sayit-step-in, L6/s10-recap-a-small-moment, L8/s06-sayit-find-the-room, L8/s06-sayit-find-the-room, L10/s09-meet-morning-arrival, L10/s02-weave-arrive-ask-where, L10/s02-weave-arrive-ask-where, L10/s05-weave-close-the-day, L10/s08-recap-full-day",,,,,,,,
QA-L08-395,C,L8,s07-recap-ou,recap,c'est,it is / that is,gloss,Recap: You can ask where.,,Chip listed back as a piece the learner used,recycled,read,chunk-c-est,,,,,(none on item),"also: L3/s07-weave-ce-n-est-pas-ici, L3/s10-recap-negation, L8/s01-meet-c-est-ou, L8/s03-fill-c-est-blank, L8/s04-weave-ask-where, L8/s08-meet-c-est-ici, L8/s05-weave-answer-here, L8/s06-sayit-find-the-room, L10/s00-goal-integration, L10/s09-meet-morning-arrival, L10/s02-weave-arrive-ask-where, L10/s08-recap-full-day",,,,,,,,
QA-L08-396,C,L8,s07-recap-ou,recap,ici,here,gloss,Recap: You can ask where.,,Chip listed back as a piece the learner used,recycled,read,word-ici,,,,,(none on item),"also: L2/s00-goal-etre, L2/s00-meet-je-suis-ici, L2/s02-meet-bonjour-je-suis-ici, L2/s03-fill-je-suis-blank, L2/s04-weave-je-suis-ici, L2/s05-weave-call-and-respond, L2/s07-sayit-arrive-locate, L2/s08-recap-first-engine, L3/s06-weave-je-ne-suis-pas-ici, L3/s07-weave-ce-n-est-pas-ici, L3/s08-weave-non-je-ne-suis-pas-ici, L3/s09-sayit-not-here, L4/s00-goal-jai, L6/s00-goal-petit-moment, L6/s03-weave-bonjour-je-suis-ici, L6/s07-sayit-step-in, L6/s10-recap-a-small-moment, L8/s00-goal-ou, L8/s03-fill-c-est-blank, L8/s08-meet-c-est-ici, L8/s09-fill-which-side, L8/s05-weave-answer-here, L8/s10-reveal-both-sides",,,,,,,,
QA-L08-397,C,L8,s07-recap-ou,recap,où,where,gloss,Recap: You can ask where.,,Chip listed back as a piece the learner used,recycled,read,adverb-ou-where,,,,,(none on item),"also: L8/s01-meet-c-est-ou, L8/s03-fill-c-est-blank, L8/s04-weave-ask-where, L8/s09-fill-which-side, L8/s06-sayit-find-the-room, L10/s09-meet-morning-arrival, L10/s02-weave-arrive-ask-where, L10/s08-recap-full-day",,,,,,,,
QA-L09-398,F,L9,s00-goal-pause,insight-card,faire une pause,to take a break,gloss,Insight card: Taking a pause,"Today: one small action, faire une pause. By the end: you can ask for a break, politely. Main pieces: faire une pause, une pause, je voudrais.",French named inside explanatory copy,recognition,read,chunk-faire-une-pause,,,,,(none on item),"also: L9/s01-meet-faire-une-pause, L9/s03-fill-faire-blank, L9/s02-insight-voudrais-carries-actions, L9/s04-weave-ask-for-a-break, L9/s09-reveal-first-ask, L9/s05-weave-break-politely, L9/s06-sayit-long-afternoon, L9/s07-recap-pause, L10/s00-goal-integration, L10/s04-weave-midday-break, L10/s08-recap-full-day",,,,,,,,
QA-L09-399,F,L9,s00-goal-pause,insight-card,je voudrais,I would like,gloss,Insight card: Taking a pause,"Today: one small action, faire une pause. By the end: you can ask for a break, politely. Main pieces: faire une pause, une pause, je voudrais.",French named inside explanatory copy,recognition,read,chunk-je-voudrais,,,,,(none on item),"also: L1/s03-fill-polite-verb, L1/s04-weave-cafe-order, L1/s06-weave-cafe-order-please, L1/s11-weave-the-order, L1/s08-sayit-cafe-order, L1/s09-recap-survival-kit, L2/s03-fill-je-suis-blank, L3/s02-fill-verb-in-sandwich, L4/s02-fill-have-not-be, L4/s02-fill-have-not-be, L5/s05-weave-je-voudrais-un-cafe, L5/s07-sayit-ask-for-a-coffee, L5/s08-recap-packages, L7/s03-fill-je-vais-blank, L9/s01-meet-faire-une-pause, L9/s03-fill-faire-blank, L9/s02-insight-voudrais-carries-actions, L9/s04-weave-ask-for-a-break, L9/s05-weave-break-politely, L9/s10-insight-what-you-can-ask, L9/s06-sayit-long-afternoon, L9/s07-recap-pause, L10/s03-fill-engine-chooser, L10/s01-insight-three-engines, L10/s04-weave-midday-break, L10/s08-recap-full-day",,,,,,,,
QA-L09-400,C,L9,s01-meet-faire-une-pause,meet-card,faire une pause,to take a break,gloss,"Rest, said politely.",,Highlighted chunk boundary inside the meet sentence,recognition,read,chunk-faire-une-pause,,,"highlight span of ""Je voudrais faire une pause.""",,(none on item),"also: L9/s00-goal-pause, L9/s03-fill-faire-blank, L9/s02-insight-voudrais-carries-actions, L9/s04-weave-ask-for-a-break, L9/s09-reveal-first-ask, L9/s05-weave-break-politely, L9/s06-sayit-long-afternoon, L9/s07-recap-pause, L10/s00-goal-integration, L10/s04-weave-midday-break, L10/s08-recap-full-day",,,,,,,,
QA-L09-401,C,L9,s01-meet-faire-une-pause,meet-card,je voudrais,I would like,gloss,"Rest, said politely.",,Highlighted chunk boundary inside the meet sentence,recognition,read,chunk-je-voudrais,,,"highlight span of ""Je voudrais faire une pause.""",,(none on item),"also: L1/s03-fill-polite-verb, L1/s04-weave-cafe-order, L1/s06-weave-cafe-order-please, L1/s11-weave-the-order, L1/s08-sayit-cafe-order, L1/s09-recap-survival-kit, L2/s03-fill-je-suis-blank, L3/s02-fill-verb-in-sandwich, L4/s02-fill-have-not-be, L4/s02-fill-have-not-be, L5/s05-weave-je-voudrais-un-cafe, L5/s07-sayit-ask-for-a-coffee, L5/s08-recap-packages, L7/s03-fill-je-vais-blank, L9/s00-goal-pause, L9/s03-fill-faire-blank, L9/s02-insight-voudrais-carries-actions, L9/s04-weave-ask-for-a-break, L9/s05-weave-break-politely, L9/s10-insight-what-you-can-ask, L9/s06-sayit-long-afternoon, L9/s07-recap-pause, L10/s03-fill-engine-chooser, L10/s01-insight-three-engines, L10/s04-weave-midday-break, L10/s08-recap-full-day",,,,,,,,
QA-L09-402,C,L9,s01-meet-faire-une-pause,meet-card,Je voudrais faire une pause.,I'd like to take a break.,gloss,"Rest, said politely.",,"First contact / re-contact: Rest, said politely.",active-new,listen,chunk-faire-une-pause chunk-je-voudrais,,,je voudrais → chunk-je-voudrais | faire une pause → chunk-faire-une-pause,,(none on item),"also: L9/s03-fill-faire-blank, L9/s02-insight-voudrais-carries-actions, L9/s04-weave-ask-for-a-break, L9/s09-reveal-first-ask, L9/s10-insight-what-you-can-ask, L9/s06-sayit-long-afternoon, L10/s01-insight-three-engines, L10/s04-weave-midday-break, L10/s10-reveal-midday-break",,,,,,,,
QA-L09-403,B,L9,s03-fill-faire-blank,fill-with-traps,Je voudrais faire une pause.,(no English gloss presented),none,You want to ask for a break. Which word carries the action?,,Natural full sentence shown after the choice,model-only,read,chunk-faire-une-pause chunk-je-voudrais,,,,,(none on item),"also: L9/s01-meet-faire-une-pause, L9/s02-insight-voudrais-carries-actions, L9/s04-weave-ask-for-a-break, L9/s09-reveal-first-ask, L9/s10-insight-what-you-can-ask, L9/s06-sayit-long-afternoon, L10/s01-insight-three-engines, L10/s04-weave-midday-break, L10/s10-reveal-midday-break",,,,,,,,
QA-L09-404,C,L9,s03-fill-faire-blank,fill-with-traps,faire,(no English gloss presented),none,You want to ask for a break. Which word carries the action?,,The option that completes the frame,recognition,choose,chunk-faire-une-pause,,,,,(none on item),unique to this screen,,,,,,,,
QA-L09-405,C,L9,s03-fill-faire-blank,fill-with-traps,Je voudrais ___ une pause.,(no English gloss presented),none,You want to ask for a break. Which word carries the action?,,The French frame the blank sits in,recognition,read,chunk-faire-une-pause,,,,,(none on item),unique to this screen,,,,,,,,
QA-L09-406,C,L9,s03-fill-faire-blank,fill-with-traps,suis,(no English gloss presented),none,You want to ask for a break. Which word carries the action?,,Distractor — shown reason: Suis says what you are. It cannot take a pause for you.,recognition,choose,chunk-faire-une-pause,,,,,(none on item),"also: L1/s03-fill-polite-verb, L2/s03-fill-je-suis-blank, L3/s02-fill-verb-in-sandwich, L7/s03-fill-je-vais-blank, L10/s03-fill-engine-chooser",,,,,,,,
QA-L09-407,C,L9,s03-fill-faire-blank,fill-with-traps,vais,(no English gloss presented),none,You want to ask for a break. Which word carries the action?,,"Distractor — shown reason: Je vais moves you somewhere. After je voudrais, the action keeps its dictionary shape: faire.",recognition,choose,chunk-faire-une-pause,,,,,(none on item),"also: L7/s03-fill-je-vais-blank, L10/s03-fill-engine-chooser",,,,,,,,
QA-L09-408,F,L9,s03-fill-faire-blank,fill-with-traps,faire une pause,to take a break,gloss,You want to ask for a break. Which word carries the action?,"Faire une pause = take a break. One package, carried by je voudrais.",French named inside feedback copy,recognition,read,chunk-faire-une-pause,,,,,(none on item),"also: L9/s00-goal-pause, L9/s01-meet-faire-une-pause, L9/s02-insight-voudrais-carries-actions, L9/s04-weave-ask-for-a-break, L9/s09-reveal-first-ask, L9/s05-weave-break-politely, L9/s06-sayit-long-afternoon, L9/s07-recap-pause, L10/s00-goal-integration, L10/s04-weave-midday-break, L10/s08-recap-full-day",,,,,,,,
QA-L09-409,F,L9,s03-fill-faire-blank,fill-with-traps,je vais,I'm going,gloss,You want to ask for a break. Which word carries the action?,"Je vais moves you somewhere. After je voudrais, the action keeps its dictionary shape: faire.",French named inside feedback copy,recognition,read,chunk-je-vais,,,,,(none on item),"also: L7/s00-goal-je-vais, L7/s01-meet-je-vais-a-la-maison, L7/s02-insight-je-vais-frozen, L7/s02-insight-je-vais-frozen, L7/s03-fill-je-vais-blank, L7/s04-weave-heading-home, L7/s05-weave-close-the-moment, L7/s06-sayit-take-your-leave, L7/s07-recap-heading-home, L10/s00-goal-integration, L10/s03-fill-engine-chooser, L10/s01-insight-three-engines, L10/s05-weave-close-the-day, L10/s07-sayit-take-your-leave, L10/s08-recap-full-day",,,,,,,,
QA-L09-410,F,L9,s03-fill-faire-blank,fill-with-traps,je voudrais,I would like,gloss,You want to ask for a break. Which word carries the action?,"Faire une pause = take a break. One package, carried by je voudrais. ⏐ Je vais moves you somewhere. After je voudrais, the action keeps its dictionary shape: faire.",French named inside feedback copy,recognition,read,chunk-je-voudrais,,,,,(none on item),"fields: payload.reveal.explanation (inline) ; payload.options[opt-vais].trapReason (inline) || also: L1/s03-fill-polite-verb, L1/s04-weave-cafe-order, L1/s06-weave-cafe-order-please, L1/s11-weave-the-order, L1/s08-sayit-cafe-order, L1/s09-recap-survival-kit, L2/s03-fill-je-suis-blank, L3/s02-fill-verb-in-sandwich, L4/s02-fill-have-not-be, L4/s02-fill-have-not-be, L5/s05-weave-je-voudrais-un-cafe, L5/s07-sayit-ask-for-a-coffee, L5/s08-recap-packages, L7/s03-fill-je-vais-blank, L9/s00-goal-pause, L9/s01-meet-faire-une-pause, L9/s02-insight-voudrais-carries-actions, L9/s04-weave-ask-for-a-break, L9/s05-weave-break-politely, L9/s10-insight-what-you-can-ask, L9/s06-sayit-long-afternoon, L9/s07-recap-pause, L10/s03-fill-engine-chooser, L10/s01-insight-three-engines, L10/s04-weave-midday-break, L10/s08-recap-full-day",,,,,,,,
QA-L09-411,F,L9,s02-insight-voudrais-carries-actions,insight-card,faire une pause,to take a break,gloss,"Insight card: Same engine, a new job.","Until now, je voudrais asked for a thing. It can also carry a small action: faire une pause. Take faire une pause as one piece. The wider faire universe waits.",French named inside explanatory copy,recognition,read,chunk-faire-une-pause,,,,,(none on item),"also: L9/s00-goal-pause, L9/s01-meet-faire-une-pause, L9/s03-fill-faire-blank, L9/s04-weave-ask-for-a-break, L9/s09-reveal-first-ask, L9/s05-weave-break-politely, L9/s06-sayit-long-afternoon, L9/s07-recap-pause, L10/s00-goal-integration, L10/s04-weave-midday-break, L10/s08-recap-full-day",,,,,,,,
QA-L09-412,F,L9,s02-insight-voudrais-carries-actions,insight-card,je voudrais,I would like,gloss,"Insight card: Same engine, a new job.","Until now, je voudrais asked for a thing. It can also carry a small action: faire une pause. Take faire une pause as one piece. The wider faire universe waits.",French named inside explanatory copy,recognition,read,chunk-je-voudrais,,,,,(none on item),"also: L1/s03-fill-polite-verb, L1/s04-weave-cafe-order, L1/s06-weave-cafe-order-please, L1/s11-weave-the-order, L1/s08-sayit-cafe-order, L1/s09-recap-survival-kit, L2/s03-fill-je-suis-blank, L3/s02-fill-verb-in-sandwich, L4/s02-fill-have-not-be, L4/s02-fill-have-not-be, L5/s05-weave-je-voudrais-un-cafe, L5/s07-sayit-ask-for-a-coffee, L5/s08-recap-packages, L7/s03-fill-je-vais-blank, L9/s00-goal-pause, L9/s01-meet-faire-une-pause, L9/s03-fill-faire-blank, L9/s04-weave-ask-for-a-break, L9/s05-weave-break-politely, L9/s10-insight-what-you-can-ask, L9/s06-sayit-long-afternoon, L9/s07-recap-pause, L10/s03-fill-engine-chooser, L10/s01-insight-three-engines, L10/s04-weave-midday-break, L10/s08-recap-full-day",,,,,,,,
QA-L09-413,F,L9,s02-insight-voudrais-carries-actions,insight-card,Je voudrais faire une pause.,I'd like to take a break. (an action),gloss,"Insight card: Same engine, a new job.",,"Illustrative example inside ""Same engine, a new job.""",recognition,read,chunk-faire-une-pause chunk-je-voudrais,,,,,(none on item),"also: L9/s01-meet-faire-une-pause, L9/s03-fill-faire-blank, L9/s04-weave-ask-for-a-break, L9/s09-reveal-first-ask, L9/s10-insight-what-you-can-ask, L9/s06-sayit-long-afternoon, L10/s01-insight-three-engines, L10/s04-weave-midday-break, L10/s10-reveal-midday-break",,,,,,,,
QA-L09-414,F,L9,s02-insight-voudrais-carries-actions,insight-card,Je voudrais une pause.,I'd like a break. (a thing),gloss,"Insight card: Same engine, a new job.",,"Illustrative example inside ""Same engine, a new job.""",recognition,read,chunk-je-voudrais noun-pause,,,,,(none on item),also: L9/s09-reveal-first-ask,,,,,,,,
QA-L09-415,A,L9,s04-weave-ask-for-a-break,weave,Je voudrais faire une pause.,Say you'd like to take a break.,instruction,"The afternoon has been long, and your head is getting heavy.",,Typed production — context weave,active-new,type,chunk-faire-une-pause chunk-je-voudrais,,,,,(none on item),"also: L9/s01-meet-faire-une-pause, L9/s03-fill-faire-blank, L9/s02-insight-voudrais-carries-actions, L9/s09-reveal-first-ask, L9/s10-insight-what-you-can-ask, L9/s06-sayit-long-afternoon, L10/s01-insight-three-engines, L10/s04-weave-midday-break, L10/s10-reveal-midday-break",,,,,,,,
QA-L09-416,C,L9,s04-weave-ask-for-a-break,weave,faire une pause,to take a break,gloss,"The afternoon has been long, and your head is getting heavy.",Your meaning lands. The action stays whole: faire une pause. ⏐ Start with je voudrais. Then hand it the action: faire une pause.,"Support piece shown as ""to take a break""",recognition,read,chunk-faire-une-pause,,,"piece boundary ""faire une pause"" ↔ registry ""faire une pause""",,(none on item),"fields: payload.suggestedPieces[].text (hint rung 1) ; payload.reveal.ifUnderstandableButWrong (inline) ; payload.reveal.ifMissingTargetPiece (inline) || also: L9/s00-goal-pause, L9/s01-meet-faire-une-pause, L9/s03-fill-faire-blank, L9/s02-insight-voudrais-carries-actions, L9/s09-reveal-first-ask, L9/s05-weave-break-politely, L9/s06-sayit-long-afternoon, L9/s07-recap-pause, L10/s00-goal-integration, L10/s04-weave-midday-break, L10/s08-recap-full-day",,,,,,,,
QA-L09-417,C,L9,s04-weave-ask-for-a-break,weave,je voudrais,I would like,gloss,"The afternoon has been long, and your head is getting heavy.",Start with je voudrais. Then hand it the action: faire une pause.,"Support piece shown as ""I would like""",recognition,read,chunk-je-voudrais,,,"piece boundary ""je voudrais"" ↔ registry ""je voudrais""",,(none on item),"fields: payload.suggestedPieces[].text (hint rung 1) ; payload.reveal.ifMissingTargetPiece (inline) || also: L1/s03-fill-polite-verb, L1/s04-weave-cafe-order, L1/s06-weave-cafe-order-please, L1/s11-weave-the-order, L1/s08-sayit-cafe-order, L1/s09-recap-survival-kit, L2/s03-fill-je-suis-blank, L3/s02-fill-verb-in-sandwich, L4/s02-fill-have-not-be, L4/s02-fill-have-not-be, L5/s05-weave-je-voudrais-un-cafe, L5/s07-sayit-ask-for-a-coffee, L5/s08-recap-packages, L7/s03-fill-je-vais-blank, L9/s00-goal-pause, L9/s01-meet-faire-une-pause, L9/s03-fill-faire-blank, L9/s02-insight-voudrais-carries-actions, L9/s05-weave-break-politely, L9/s10-insight-what-you-can-ask, L9/s06-sayit-long-afternoon, L9/s07-recap-pause, L10/s03-fill-engine-chooser, L10/s01-insight-three-engines, L10/s04-weave-midday-break, L10/s08-recap-full-day",,,,,,,,
QA-L09-418,C,L9,s04-weave-ask-for-a-break,weave,Je voudrais ___.,Say you'd like to take a break.,instruction,"The afternoon has been long, and your head is getting heavy.",,Second hint rung — a shape to fill in,recognition,read,chunk-faire-une-pause chunk-je-voudrais,,,,,(none on item),also: L10/s04-weave-midday-break,,,,,,,,
QA-L09-419,B,L9,s09-reveal-first-ask,natural-reveal,Je voudrais faire une pause.,(no English gloss presented),none,Standalone natural-reveal screen,,Natural version shown on its own screen,model-only,read,,,,,,(none),"also: L9/s01-meet-faire-une-pause, L9/s03-fill-faire-blank, L9/s02-insight-voudrais-carries-actions, L9/s04-weave-ask-for-a-break, L9/s10-insight-what-you-can-ask, L9/s06-sayit-long-afternoon, L10/s01-insight-three-engines, L10/s04-weave-midday-break, L10/s10-reveal-midday-break",,,,,,,,
QA-L09-420,B,L9,s09-reveal-first-ask,natural-reveal,Je voudrais une pause.,(no English gloss presented),none,Standalone natural-reveal screen,,Alternative natural version,model-only,read,,,,,,(none),also: L9/s02-insight-voudrais-carries-actions,,,,,,,,
QA-L09-421,F,L9,s09-reveal-first-ask,natural-reveal,faire une pause,to take a break,gloss,Standalone natural-reveal screen,Both are natural. Faire une pause names the act of taking a break; une pause names the break itself. The engine in front does not change.,French named inside explanatory copy,recognition,read,chunk-faire-une-pause,,,,,(none on item),"also: L9/s00-goal-pause, L9/s01-meet-faire-une-pause, L9/s03-fill-faire-blank, L9/s02-insight-voudrais-carries-actions, L9/s04-weave-ask-for-a-break, L9/s05-weave-break-politely, L9/s06-sayit-long-afternoon, L9/s07-recap-pause, L10/s00-goal-integration, L10/s04-weave-midday-break, L10/s08-recap-full-day",,,,,,,,
QA-L09-422,B,L9,s08-fill-softener,fill-with-traps,"Je voudrais faire une pause, s'il vous plaît.",(no English gloss presented),none,"You are asking for something, not thanking anyone. Which piece softens the ask?",,Natural full sentence shown after the choice,model-only,read,chunk-sil-vous-plait chunk-faire-une-pause chunk-je-voudrais,,,,,(none on item),"also: L9/s05-weave-break-politely, L9/s05-weave-break-politely, L9/s06-sayit-long-afternoon, L10/s04-weave-midday-break, L10/s10-reveal-midday-break",,,,,,,,
QA-L09-423,C,L9,s08-fill-softener,fill-with-traps,au revoir,goodbye,gloss,"You are asking for something, not thanking anyone. Which piece softens the ask?","Au revoir closes the moment. Here you are still in it, asking.","Distractor — shown reason: Au revoir closes the moment. Here you are still in it, asking.",recognition,choose,chunk-au-revoir,,,,,(none on item),"fields: payload.options[opt-au-revoir-soft].text (trap) ; payload.options[opt-au-revoir-soft].trapReason (inline) || also: L6/s00-goal-petit-moment, L6/s00-insight-bonjour-to-au-revoir, L6/s00-insight-bonjour-to-au-revoir, L6/s06-meet-au-revoir, L6/s06-meet-au-revoir, L6/s08-weave-close-open, L6/s10-recap-a-small-moment, L6/s10-recap-a-small-moment, L7/s05-weave-close-the-moment, L7/s10-insight-leaving-two-moves, L7/s06-sayit-take-your-leave, L7/s07-recap-heading-home, L10/s05-weave-close-the-day, L10/s07-sayit-take-your-leave, L10/s08-recap-full-day",,,,,,,,
QA-L09-424,C,L9,s08-fill-softener,fill-with-traps,"Je voudrais faire une pause, ___ .",(no English gloss presented),none,"You are asking for something, not thanking anyone. Which piece softens the ask?",,The French frame the blank sits in,recognition,read,chunk-sil-vous-plait,,,,,(none on item),unique to this screen,,,,,,,,
QA-L09-425,C,L9,s08-fill-softener,fill-with-traps,merci,thank you,gloss,"You are asking for something, not thanking anyone. Which piece softens the ask?",Merci thanks someone after they help. It cannot soften the asking itself.,Distractor — shown reason: Merci thanks someone after they help. It cannot soften the asking itself.,recognition,choose,chunk-merci,sent:l01-merci,,,,founder_waived_provisional,"fields: payload.options[opt-merci-soft].text (trap) ; payload.options[opt-merci-soft].trapReason (inline) || also: L1/s00-goal-survival-kit, L1/s01-insight-survival-kit, L1/s07-meet-merci, L1/s07-meet-merci, L1/s10-weave-merci-thanks, L1/s10-weave-merci-thanks, L1/s10-weave-merci-thanks, L1/s08-sayit-cafe-order, L1/s09-recap-survival-kit, L3/s05-fill-refuse-politely, L6/s00-goal-petit-moment, L6/s04-fill-decline-offer, L6/s04-fill-decline-offer, L6/s08-weave-close-open, L6/s10-recap-a-small-moment, L7/s06-sayit-take-your-leave, L7/s07-recap-heading-home, L10/s07-sayit-take-your-leave",,,,,,,,
QA-L09-426,C,L9,s08-fill-softener,fill-with-traps,s'il vous plaît,please (formal),gloss,"You are asking for something, not thanking anyone. Which piece softens the ask?",S'il vous plaît softens a request. It costs nothing and changes the tone.,The option that completes the frame,recognition,choose,chunk-sil-vous-plait,,,,,(none on item),"fields: payload.options[opt-svp].text (correct) ; payload.reveal.explanation (inline) || also: L1/s00-goal-survival-kit, L1/s05-meet-sil-vous-plait, L1/s05-meet-sil-vous-plait, L1/s06-weave-cafe-order-please, L1/s11-weave-the-order, L1/s08-sayit-cafe-order, L1/s09-recap-survival-kit, L9/s05-weave-break-politely, L9/s10-insight-what-you-can-ask, L9/s06-sayit-long-afternoon, L9/s07-recap-pause, L10/s10-reveal-midday-break",,,,,,,,
QA-L09-427,A,L9,s05-weave-break-politely,weave,"Je voudrais faire une pause, s'il vous plaît.","Ask for a break politely: say you'd like to take a pause, please.",instruction,You're working through something together. It's a good moment to ask.,,Typed production — open weave,active-new,type,chunk-faire-une-pause,,,,Je voudrais faire une pause s'il vous plaît.,(none on item),"also: L9/s08-fill-softener, L9/s06-sayit-long-afternoon, L10/s04-weave-midday-break, L10/s10-reveal-midday-break",,,,,,,,
QA-L09-428,E,L9,s05-weave-break-politely,weave,Je voudrais faire une pause s'il vous plaît.,"Ask for a break politely: say you'd like to take a pause, please.",instruction,You're working through something together. It's a good moment to ask.,,"Accepted instead of ""Je voudrais faire une pause, s'il vous plaît.""",accepted-alternative,type,chunk-faire-une-pause,,,,,(none on item),"also: L9/s08-fill-softener, L9/s06-sayit-long-afternoon, L10/s04-weave-midday-break, L10/s10-reveal-midday-break",,,,,,,,
QA-L09-429,C,L9,s05-weave-break-politely,weave,faire une pause,to take a break,gloss,You're working through something together. It's a good moment to ask.,,"Support piece shown as ""to take a break""",recognition,read,chunk-faire-une-pause,,,"piece boundary ""faire une pause"" ↔ registry ""faire une pause""",,(none on item),"also: L9/s00-goal-pause, L9/s01-meet-faire-une-pause, L9/s03-fill-faire-blank, L9/s02-insight-voudrais-carries-actions, L9/s04-weave-ask-for-a-break, L9/s09-reveal-first-ask, L9/s06-sayit-long-afternoon, L9/s07-recap-pause, L10/s00-goal-integration, L10/s04-weave-midday-break, L10/s08-recap-full-day",,,,,,,,
QA-L09-430,C,L9,s05-weave-break-politely,weave,je voudrais,I would like,gloss,You're working through something together. It's a good moment to ask.,,"Support piece shown as ""I would like""",recognition,read,chunk-je-voudrais,,,"piece boundary ""je voudrais"" ↔ registry ""je voudrais""",,(none on item),"also: L1/s03-fill-polite-verb, L1/s04-weave-cafe-order, L1/s06-weave-cafe-order-please, L1/s11-weave-the-order, L1/s08-sayit-cafe-order, L1/s09-recap-survival-kit, L2/s03-fill-je-suis-blank, L3/s02-fill-verb-in-sandwich, L4/s02-fill-have-not-be, L4/s02-fill-have-not-be, L5/s05-weave-je-voudrais-un-cafe, L5/s07-sayit-ask-for-a-coffee, L5/s08-recap-packages, L7/s03-fill-je-vais-blank, L9/s00-goal-pause, L9/s01-meet-faire-une-pause, L9/s03-fill-faire-blank, L9/s02-insight-voudrais-carries-actions, L9/s04-weave-ask-for-a-break, L9/s10-insight-what-you-can-ask, L9/s06-sayit-long-afternoon, L9/s07-recap-pause, L10/s03-fill-engine-chooser, L10/s01-insight-three-engines, L10/s04-weave-midday-break, L10/s08-recap-full-day",,,,,,,,
QA-L09-431,C,L9,s05-weave-break-politely,weave,"Je voudrais ___, s'il vous plaît.","Ask for a break politely: say you'd like to take a pause, please.",instruction,You're working through something together. It's a good moment to ask.,,Second hint rung — a shape to fill in,recognition,read,chunk-faire-une-pause,,,,,(none on item),also: L1/s11-weave-the-order,,,,,,,,
QA-L09-432,C,L9,s05-weave-break-politely,weave,s'il vous plaît,please (formal),gloss,You're working through something together. It's a good moment to ask.,Keep the sentence you had and let s'il vous plaît soften it.,"Support piece shown as ""please""",recognition,read,chunk-sil-vous-plait,,,"piece boundary ""s'il vous plaît"" ↔ registry ""s'il vous plaît""",,(none on item),"fields: payload.suggestedPieces[].text (hint rung 1) ; payload.reveal.ifMissingTargetPiece (inline) || also: L1/s00-goal-survival-kit, L1/s05-meet-sil-vous-plait, L1/s05-meet-sil-vous-plait, L1/s06-weave-cafe-order-please, L1/s11-weave-the-order, L1/s08-sayit-cafe-order, L1/s09-recap-survival-kit, L9/s08-fill-softener, L9/s10-insight-what-you-can-ask, L9/s06-sayit-long-afternoon, L9/s07-recap-pause, L10/s10-reveal-midday-break",,,,,,,,
QA-L09-433,F,L9,s10-insight-what-you-can-ask,insight-card,je voudrais,I would like,gloss,"Insight card: One engine, plenty to ask for.","Je voudrais now carries a thing or an action, and s'il vous plaît softens either one. That is enough to ask for most small things politely, without knowing a single rule.",French named inside explanatory copy,recognition,read,chunk-je-voudrais,,,,,(none on item),"also: L1/s03-fill-polite-verb, L1/s04-weave-cafe-order, L1/s06-weave-cafe-order-please, L1/s11-weave-the-order, L1/s08-sayit-cafe-order, L1/s09-recap-survival-kit, L2/s03-fill-je-suis-blank, L3/s02-fill-verb-in-sandwich, L4/s02-fill-have-not-be, L4/s02-fill-have-not-be, L5/s05-weave-je-voudrais-un-cafe, L5/s07-sayit-ask-for-a-coffee, L5/s08-recap-packages, L7/s03-fill-je-vais-blank, L9/s00-goal-pause, L9/s01-meet-faire-une-pause, L9/s03-fill-faire-blank, L9/s02-insight-voudrais-carries-actions, L9/s04-weave-ask-for-a-break, L9/s05-weave-break-politely, L9/s06-sayit-long-afternoon, L9/s07-recap-pause, L10/s03-fill-engine-chooser, L10/s01-insight-three-engines, L10/s04-weave-midday-break, L10/s08-recap-full-day",,,,,,,,
QA-L09-434,F,L9,s10-insight-what-you-can-ask,insight-card,Je voudrais faire une pause.,I'd like to take a break.,gloss,"Insight card: One engine, plenty to ask for.",,"Illustrative example inside ""One engine, plenty to ask for.""",recognition,read,chunk-faire-une-pause chunk-je-voudrais,,,,,(none on item),"also: L9/s01-meet-faire-une-pause, L9/s03-fill-faire-blank, L9/s02-insight-voudrais-carries-actions, L9/s04-weave-ask-for-a-break, L9/s09-reveal-first-ask, L9/s06-sayit-long-afternoon, L10/s01-insight-three-engines, L10/s04-weave-midday-break, L10/s10-reveal-midday-break",,,,,,,,
QA-L09-435,F,L9,s10-insight-what-you-can-ask,insight-card,Je voudrais un café.,I'd like a coffee.,gloss,"Insight card: One engine, plenty to ask for.",,"Illustrative example inside ""One engine, plenty to ask for.""",recognition,read,chunk-je-voudrais chunk-un-cafe,,,,,(none on item),"also: L5/s02-insight-little-packages, L5/s05-weave-je-voudrais-un-cafe, L5/s07-sayit-ask-for-a-coffee",,,,,,,,
QA-L09-436,F,L9,s10-insight-what-you-can-ask,insight-card,s'il vous plaît,please (formal),gloss,"Insight card: One engine, plenty to ask for.","Je voudrais now carries a thing or an action, and s'il vous plaît softens either one. That is enough to ask for most small things politely, without knowing a single rule.",French named inside explanatory copy,recognition,read,chunk-sil-vous-plait,,,,,(none on item),"also: L1/s00-goal-survival-kit, L1/s05-meet-sil-vous-plait, L1/s05-meet-sil-vous-plait, L1/s06-weave-cafe-order-please, L1/s11-weave-the-order, L1/s08-sayit-cafe-order, L1/s09-recap-survival-kit, L9/s08-fill-softener, L9/s05-weave-break-politely, L9/s06-sayit-long-afternoon, L9/s07-recap-pause, L10/s10-reveal-midday-break",,,,,,,,
QA-L09-437,B,L9,s06-sayit-long-afternoon,say-it-your-way,"Je voudrais faire une pause, s'il vous plaît.","Ask for a break, politely.",instruction,The afternoon session has run long. Someone asks if you want to keep going.,,Model answer for the open task,model-only,read,chunk-faire-une-pause,,,,,(none on item),"also: L9/s08-fill-softener, L9/s05-weave-break-politely, L9/s05-weave-break-politely, L10/s04-weave-midday-break, L10/s10-reveal-midday-break",,,,,,,,
QA-L09-438,B,L9,s06-sayit-long-afternoon,say-it-your-way,Je voudrais faire une pause.,"Ask for a break, politely.",instruction,The afternoon session has run long. Someone asks if you want to keep going.,,Alternative natural version shown in the reveal,model-only,read,chunk-faire-une-pause,,,,,(none on item),"also: L9/s01-meet-faire-une-pause, L9/s03-fill-faire-blank, L9/s02-insight-voudrais-carries-actions, L9/s04-weave-ask-for-a-break, L9/s09-reveal-first-ask, L9/s10-insight-what-you-can-ask, L10/s01-insight-three-engines, L10/s04-weave-midday-break, L10/s10-reveal-midday-break",,,,,,,,
QA-L09-439,C,L9,s06-sayit-long-afternoon,say-it-your-way,faire une pause,to take a break,gloss,The afternoon session has run long. Someone asks if you want to keep going.,,Support piece for the open task,recognition,read,chunk-faire-une-pause,,,"piece boundary ""faire une pause"" ↔ registry ""faire une pause""",,(none on item),"also: L9/s00-goal-pause, L9/s01-meet-faire-une-pause, L9/s03-fill-faire-blank, L9/s02-insight-voudrais-carries-actions, L9/s04-weave-ask-for-a-break, L9/s09-reveal-first-ask, L9/s05-weave-break-politely, L9/s07-recap-pause, L10/s00-goal-integration, L10/s04-weave-midday-break, L10/s08-recap-full-day",,,,,,,,
QA-L09-440,C,L9,s06-sayit-long-afternoon,say-it-your-way,je voudrais,I would like,gloss,The afternoon session has run long. Someone asks if you want to keep going.,,Support piece for the open task,recognition,read,chunk-je-voudrais,,,"piece boundary ""je voudrais"" ↔ registry ""je voudrais""",,(none on item),"also: L1/s03-fill-polite-verb, L1/s04-weave-cafe-order, L1/s06-weave-cafe-order-please, L1/s11-weave-the-order, L1/s08-sayit-cafe-order, L1/s09-recap-survival-kit, L2/s03-fill-je-suis-blank, L3/s02-fill-verb-in-sandwich, L4/s02-fill-have-not-be, L4/s02-fill-have-not-be, L5/s05-weave-je-voudrais-un-cafe, L5/s07-sayit-ask-for-a-coffee, L5/s08-recap-packages, L7/s03-fill-je-vais-blank, L9/s00-goal-pause, L9/s01-meet-faire-une-pause, L9/s03-fill-faire-blank, L9/s02-insight-voudrais-carries-actions, L9/s04-weave-ask-for-a-break, L9/s05-weave-break-politely, L9/s10-insight-what-you-can-ask, L9/s07-recap-pause, L10/s03-fill-engine-chooser, L10/s01-insight-three-engines, L10/s04-weave-midday-break, L10/s08-recap-full-day",,,,,,,,
QA-L09-441,C,L9,s06-sayit-long-afternoon,say-it-your-way,s'il vous plaît,please (formal),gloss,The afternoon session has run long. Someone asks if you want to keep going.,Both are natural. S'il vous plaît softens the ask; the shorter form works when the moment is already gentle.,Support piece for the open task,recognition,read,chunk-sil-vous-plait,,,"piece boundary ""s'il vous plaît"" ↔ registry ""s'il vous plaît""",,(none on item),"fields: payload.suggestedPieces[].text (opt-in support) ; payload.reveal.explanation (inline) || also: L1/s00-goal-survival-kit, L1/s05-meet-sil-vous-plait, L1/s05-meet-sil-vous-plait, L1/s06-weave-cafe-order-please, L1/s11-weave-the-order, L1/s08-sayit-cafe-order, L1/s09-recap-survival-kit, L9/s08-fill-softener, L9/s05-weave-break-politely, L9/s10-insight-what-you-can-ask, L9/s07-recap-pause, L10/s10-reveal-midday-break",,,,,,,,
QA-L09-442,C,L9,s07-recap-pause,recap,faire une pause,to take a break,gloss,Recap: You can ask for rest.,Faire une pause stayed one piece. The rest of faire can wait.,Chip listed back as a piece the learner used,recycled,read,chunk-faire-une-pause,,,,,(none on item),"fields: payload.piecesUsed[1] ; payload.lines[2] (inline) || also: L9/s00-goal-pause, L9/s01-meet-faire-une-pause, L9/s03-fill-faire-blank, L9/s02-insight-voudrais-carries-actions, L9/s04-weave-ask-for-a-break, L9/s09-reveal-first-ask, L9/s05-weave-break-politely, L9/s06-sayit-long-afternoon, L10/s00-goal-integration, L10/s04-weave-midday-break, L10/s08-recap-full-day",,,,,,,,
QA-L09-443,C,L9,s07-recap-pause,recap,je voudrais,I would like,gloss,Recap: You can ask for rest.,"Je voudrais carried an action for the first time, not just a thing.",Chip listed back as a piece the learner used,recycled,read,chunk-je-voudrais,,,,,(none on item),"fields: payload.piecesUsed[0] ; payload.lines[1] (inline) || also: L1/s03-fill-polite-verb, L1/s04-weave-cafe-order, L1/s06-weave-cafe-order-please, L1/s11-weave-the-order, L1/s08-sayit-cafe-order, L1/s09-recap-survival-kit, L2/s03-fill-je-suis-blank, L3/s02-fill-verb-in-sandwich, L4/s02-fill-have-not-be, L4/s02-fill-have-not-be, L5/s05-weave-je-voudrais-un-cafe, L5/s07-sayit-ask-for-a-coffee, L5/s08-recap-packages, L7/s03-fill-je-vais-blank, L9/s00-goal-pause, L9/s01-meet-faire-une-pause, L9/s03-fill-faire-blank, L9/s02-insight-voudrais-carries-actions, L9/s04-weave-ask-for-a-break, L9/s05-weave-break-politely, L9/s10-insight-what-you-can-ask, L9/s06-sayit-long-afternoon, L10/s03-fill-engine-chooser, L10/s01-insight-three-engines, L10/s04-weave-midday-break, L10/s08-recap-full-day",,,,,,,,
QA-L09-444,C,L9,s07-recap-pause,recap,s'il vous plaît,please (formal),gloss,Recap: You can ask for rest.,,Chip listed back as a piece the learner used,recycled,read,chunk-sil-vous-plait,,,,,(none on item),"also: L1/s00-goal-survival-kit, L1/s05-meet-sil-vous-plait, L1/s05-meet-sil-vous-plait, L1/s06-weave-cafe-order-please, L1/s11-weave-the-order, L1/s08-sayit-cafe-order, L1/s09-recap-survival-kit, L9/s08-fill-softener, L9/s05-weave-break-politely, L9/s10-insight-what-you-can-ask, L9/s06-sayit-long-afternoon, L10/s10-reveal-midday-break",,,,,,,,
QA-L09-445,C,L9,s07-recap-pause,recap,une pause,(no English gloss presented),none,Recap: You can ask for rest.,,Chip listed back as a piece the learner used,recycled,read,,,,recap chip matches NO registry surface,,(none),unique to this screen,,,,,,,,
QA-L10-446,F,L10,s00-goal-integration,insight-card,c'est,it is / that is,gloss,Insight card: A full small day,"Today: nothing new. By the end: you'll have lived a whole small day in French, from pieces you already own. Main pieces: c'est où, faire une pause, je vais.",French named inside explanatory copy,recognition,read,chunk-c-est,,,,,(none on item),"also: L3/s07-weave-ce-n-est-pas-ici, L3/s10-recap-negation, L8/s01-meet-c-est-ou, L8/s03-fill-c-est-blank, L8/s04-weave-ask-where, L8/s08-meet-c-est-ici, L8/s05-weave-answer-here, L8/s06-sayit-find-the-room, L8/s07-recap-ou, L10/s09-meet-morning-arrival, L10/s02-weave-arrive-ask-where, L10/s08-recap-full-day",,,,,,,,
QA-L10-447,F,L10,s00-goal-integration,insight-card,faire une pause,to take a break,gloss,Insight card: A full small day,"Today: nothing new. By the end: you'll have lived a whole small day in French, from pieces you already own. Main pieces: c'est où, faire une pause, je vais.",French named inside explanatory copy,recognition,read,chunk-faire-une-pause,,,,,(none on item),"also: L9/s00-goal-pause, L9/s01-meet-faire-une-pause, L9/s03-fill-faire-blank, L9/s02-insight-voudrais-carries-actions, L9/s04-weave-ask-for-a-break, L9/s09-reveal-first-ask, L9/s05-weave-break-politely, L9/s06-sayit-long-afternoon, L9/s07-recap-pause, L10/s04-weave-midday-break, L10/s08-recap-full-day",,,,,,,,
QA-L10-448,F,L10,s00-goal-integration,insight-card,je vais,I'm going,gloss,Insight card: A full small day,"Today: nothing new. By the end: you'll have lived a whole small day in French, from pieces you already own. Main pieces: c'est où, faire une pause, je vais.",French named inside explanatory copy,recognition,read,chunk-je-vais,,,,,(none on item),"also: L7/s00-goal-je-vais, L7/s01-meet-je-vais-a-la-maison, L7/s02-insight-je-vais-frozen, L7/s02-insight-je-vais-frozen, L7/s03-fill-je-vais-blank, L7/s04-weave-heading-home, L7/s05-weave-close-the-moment, L7/s06-sayit-take-your-leave, L7/s07-recap-heading-home, L9/s03-fill-faire-blank, L10/s03-fill-engine-chooser, L10/s01-insight-three-engines, L10/s05-weave-close-the-day, L10/s07-sayit-take-your-leave, L10/s08-recap-full-day",,,,,,,,
QA-L10-449,C,L10,s09-meet-morning-arrival,meet-card,Bonjour,Hello,gloss,The day starts at a door.,,Highlighted chunk boundary inside the meet sentence,recognition,read,chunk-bonjour,,,"highlight span of ""Bonjour. C'est où ?""",,(none on item),"also: L1/s04-weave-cafe-order, L1/s01-insight-survival-kit, L1/s06-weave-cafe-order-please, L1/s08-sayit-cafe-order, L1/s09-recap-survival-kit, L2/s02-meet-bonjour-je-suis-ici, L2/s03-fill-je-suis-blank, L2/s03-fill-je-suis-blank, L2/s07-sayit-arrive-locate, L2/s08-recap-first-engine, L3/s02-fill-verb-in-sandwich, L3/s02-fill-verb-in-sandwich, L4/s06-weave-bonjour-j-ai-une-question, L4/s07-sayit-how-you-feel, L4/s08-recap-jai, L6/s00-goal-petit-moment, L6/s01-meet-bonjour-at-the-door, L6/s01-meet-bonjour-at-the-door, L6/s03-weave-bonjour-je-suis-ici, L6/s00-insight-bonjour-to-au-revoir, L6/s00-insight-bonjour-to-au-revoir, L6/s07-sayit-step-in, L6/s10-recap-a-small-moment, L8/s06-sayit-find-the-room, L8/s06-sayit-find-the-room, L8/s07-recap-ou, L10/s02-weave-arrive-ask-where, L10/s02-weave-arrive-ask-where, L10/s05-weave-close-the-day, L10/s08-recap-full-day",,,,,,,,
QA-L10-450,C,L10,s09-meet-morning-arrival,meet-card,Bonjour. C'est où ?,Hello. Where is it?,gloss,The day starts at a door.,,First contact / re-contact: The day starts at a door.,recycled,listen,chunk-bonjour chunk-c-est-ou,,,Bonjour → chunk-bonjour | C'est → chunk-c-est | où → adverb-ou-where,,(none on item),"also: L8/s06-sayit-find-the-room, L10/s02-weave-arrive-ask-where, L10/s02-weave-arrive-ask-where",,,,,,,,
QA-L10-451,C,L10,s09-meet-morning-arrival,meet-card,C'est,it is / that is,gloss,The day starts at a door.,,Highlighted chunk boundary inside the meet sentence,supported,read,chunk-c-est,,,"highlight span of ""Bonjour. C'est où ?""",,(none on item),"also: L3/s07-weave-ce-n-est-pas-ici, L3/s10-recap-negation, L8/s01-meet-c-est-ou, L8/s03-fill-c-est-blank, L8/s04-weave-ask-where, L8/s08-meet-c-est-ici, L8/s05-weave-answer-here, L8/s06-sayit-find-the-room, L8/s07-recap-ou, L10/s00-goal-integration, L10/s02-weave-arrive-ask-where, L10/s08-recap-full-day",,,,,,,,
QA-L10-452,C,L10,s09-meet-morning-arrival,meet-card,où,where,gloss,The day starts at a door.,,Highlighted chunk boundary inside the meet sentence,supported,read,adverb-ou-where,,,"highlight span of ""Bonjour. C'est où ?""",,(none on item),"also: L8/s01-meet-c-est-ou, L8/s03-fill-c-est-blank, L8/s04-weave-ask-where, L8/s09-fill-which-side, L8/s06-sayit-find-the-room, L8/s07-recap-ou, L10/s02-weave-arrive-ask-where, L10/s08-recap-full-day",,,,,,,,
QA-L10-453,A,L10,s02-weave-arrive-ask-where,weave,Bonjour. C'est où ?,"Open politely, then ask where it is.",instruction,"Morning. Your first time in this building, and the room you need is not where you expected.",,Typed production — context weave,supported,type,chunk-c-est-ou adverb-ou-where,,,,"Bonjour, c'est où ? | Bonjour, c'est où",(none on item),"also: L8/s06-sayit-find-the-room, L10/s09-meet-morning-arrival",,,,,,,,
QA-L10-454,E,L10,s02-weave-arrive-ask-where,weave,"Bonjour, c'est où","Open politely, then ask where it is.",instruction,"Morning. Your first time in this building, and the room you need is not where you expected.",,"Accepted instead of ""Bonjour. C'est où ?""",accepted-alternative,type,chunk-c-est-ou adverb-ou-where,,,,,(none on item),unique to this screen,,,,,,,,
QA-L10-455,E,L10,s02-weave-arrive-ask-where,weave,"Bonjour, c'est où ?","Open politely, then ask where it is.",instruction,"Morning. Your first time in this building, and the room you need is not where you expected.",,"Accepted instead of ""Bonjour. C'est où ?""",accepted-alternative,type,chunk-c-est-ou adverb-ou-where,,,,,(none on item),"also: L8/s06-sayit-find-the-room, L10/s09-meet-morning-arrival",,,,,,,,
QA-L10-456,C,L10,s02-weave-arrive-ask-where,weave,bonjour,Hello,gloss,"Morning. Your first time in this building, and the room you need is not where you expected.",,"Support piece shown as ""hello""",recognition,read,chunk-bonjour,,,"piece boundary ""bonjour"" ↔ registry ""Bonjour""",,(none on item),"also: L1/s04-weave-cafe-order, L1/s01-insight-survival-kit, L1/s06-weave-cafe-order-please, L1/s08-sayit-cafe-order, L1/s09-recap-survival-kit, L2/s02-meet-bonjour-je-suis-ici, L2/s03-fill-je-suis-blank, L2/s03-fill-je-suis-blank, L2/s07-sayit-arrive-locate, L2/s08-recap-first-engine, L3/s02-fill-verb-in-sandwich, L3/s02-fill-verb-in-sandwich, L4/s06-weave-bonjour-j-ai-une-question, L4/s07-sayit-how-you-feel, L4/s08-recap-jai, L6/s00-goal-petit-moment, L6/s01-meet-bonjour-at-the-door, L6/s01-meet-bonjour-at-the-door, L6/s03-weave-bonjour-je-suis-ici, L6/s00-insight-bonjour-to-au-revoir, L6/s00-insight-bonjour-to-au-revoir, L6/s07-sayit-step-in, L6/s10-recap-a-small-moment, L8/s06-sayit-find-the-room, L8/s06-sayit-find-the-room, L8/s07-recap-ou, L10/s09-meet-morning-arrival, L10/s05-weave-close-the-day, L10/s08-recap-full-day",,,,,,,,
QA-L10-457,C,L10,s02-weave-arrive-ask-where,weave,Bonjour. ___ ?,"Open politely, then ask where it is.",instruction,"Morning. Your first time in this building, and the room you need is not where you expected.",,Second hint rung — a shape to fill in,recognition,read,chunk-c-est-ou adverb-ou-where,,,,,(none on item),unique to this screen,,,,,,,,
QA-L10-458,C,L10,s02-weave-arrive-ask-where,weave,c'est,it is / that is,gloss,"Morning. Your first time in this building, and the room you need is not where you expected.","Start with bonjour, then let c'est où do the asking.","Support piece shown as ""it is""",recognition,read,chunk-c-est,,,"piece boundary ""c'est"" ↔ registry ""c'est""",,(none on item),"fields: payload.suggestedPieces[].text (hint rung 1) ; payload.reveal.ifMissingTargetPiece (inline) || also: L3/s07-weave-ce-n-est-pas-ici, L3/s10-recap-negation, L8/s01-meet-c-est-ou, L8/s03-fill-c-est-blank, L8/s04-weave-ask-where, L8/s08-meet-c-est-ici, L8/s05-weave-answer-here, L8/s06-sayit-find-the-room, L8/s07-recap-ou, L10/s00-goal-integration, L10/s09-meet-morning-arrival, L10/s08-recap-full-day",,,,,,,,
QA-L10-459,C,L10,s02-weave-arrive-ask-where,weave,où,where,gloss,"Morning. Your first time in this building, and the room you need is not where you expected.",,"Support piece shown as ""where""",recognition,read,adverb-ou-where,,,"piece boundary ""où"" ↔ registry ""où""",,(none on item),"also: L8/s01-meet-c-est-ou, L8/s03-fill-c-est-blank, L8/s04-weave-ask-where, L8/s09-fill-which-side, L8/s06-sayit-find-the-room, L8/s07-recap-ou, L10/s09-meet-morning-arrival, L10/s08-recap-full-day",,,,,,,,
QA-L10-460,F,L10,s02-weave-arrive-ask-where,weave,Bonjour,Hello,gloss,"Morning. Your first time in this building, and the room you need is not where you expected.","Right. Bonjour first buys you the answer. ⏐ Your meaning lands. A native opens the moment first: Bonjour. C'est où ? ⏐ Start with bonjour, then let c'est où do the asking.",French named inside feedback copy,recognition,read,chunk-bonjour,,,,,(none on item),"fields: payload.reveal.ifCorrectButFlat (inline) ; payload.reveal.ifUnderstandableButWrong (inline) ; payload.reveal.ifMissingTargetPiece (inline) || also: L1/s04-weave-cafe-order, L1/s01-insight-survival-kit, L1/s06-weave-cafe-order-please, L1/s08-sayit-cafe-order, L1/s09-recap-survival-kit, L2/s02-meet-bonjour-je-suis-ici, L2/s03-fill-je-suis-blank, L2/s03-fill-je-suis-blank, L2/s07-sayit-arrive-locate, L2/s08-recap-first-engine, L3/s02-fill-verb-in-sandwich, L3/s02-fill-verb-in-sandwich, L4/s06-weave-bonjour-j-ai-une-question, L4/s07-sayit-how-you-feel, L4/s08-recap-jai, L6/s00-goal-petit-moment, L6/s01-meet-bonjour-at-the-door, L6/s01-meet-bonjour-at-the-door, L6/s03-weave-bonjour-je-suis-ici, L6/s00-insight-bonjour-to-au-revoir, L6/s00-insight-bonjour-to-au-revoir, L6/s07-sayit-step-in, L6/s10-recap-a-small-moment, L8/s06-sayit-find-the-room, L8/s06-sayit-find-the-room, L8/s07-recap-ou, L10/s09-meet-morning-arrival, L10/s05-weave-close-the-day, L10/s08-recap-full-day",,,,,,,,
QA-L10-461,F,L10,s02-weave-arrive-ask-where,weave,c'est où ?,where is it?,gloss,"Morning. Your first time in this building, and the room you need is not where you expected.",Your meaning lands. A native opens the moment first: Bonjour. C'est où ?,French named inside feedback copy,recognition,read,chunk-c-est-ou,,,,,(none on item),"also: L8/s00-goal-ou, L8/s01-meet-c-est-ou, L8/s03-fill-c-est-blank, L8/s04-weave-ask-where, L8/s04-weave-ask-where, L8/s02-insight-ou-frozen, L8/s02-insight-ou-frozen, L8/s06-sayit-find-the-room",,,,,,,,
QA-L10-462,B,L10,s03-fill-engine-chooser,fill-with-traps,Je vais à la maison.,(no English gloss presented),none,You want to say you're going home. Which word moves you?,,Natural full sentence shown after the choice,model-only,read,chunk-a-la-maison chunk-je-vais,,,,,(none on item),"also: L7/s01-meet-je-vais-a-la-maison, L7/s02-insight-je-vais-frozen, L7/s03-fill-je-vais-blank, L7/s04-weave-heading-home, L7/s08-fill-destination-package, L7/s10-insight-leaving-two-moves, L10/s01-insight-three-engines",,,,,,,,
QA-L10-463,C,L10,s03-fill-engine-chooser,fill-with-traps,Je ___ à la maison.,(no English gloss presented),none,You want to say you're going home. Which word moves you?,,The French frame the blank sits in,recognition,read,chunk-je-vais,,,,,(none on item),also: L7/s03-fill-je-vais-blank,,,,,,,,
QA-L10-464,C,L10,s03-fill-engine-chooser,fill-with-traps,suis,(no English gloss presented),none,You want to say you're going home. Which word moves you?,,Distractor — shown reason: Je suis à la maison says you are already there. You want the moving engine: je vais.,recognition,choose,chunk-je-vais,,,,,(none on item),"also: L1/s03-fill-polite-verb, L2/s03-fill-je-suis-blank, L3/s02-fill-verb-in-sandwich, L7/s03-fill-je-vais-blank, L9/s03-fill-faire-blank",,,,,,,,
QA-L10-465,C,L10,s03-fill-engine-chooser,fill-with-traps,vais,(no English gloss presented),none,You want to say you're going home. Which word moves you?,,The option that completes the frame,recognition,choose,chunk-je-vais,,,,,(none on item),"also: L7/s03-fill-je-vais-blank, L9/s03-fill-faire-blank",,,,,,,,
QA-L10-466,C,L10,s03-fill-engine-chooser,fill-with-traps,voudrais,(no English gloss presented),none,You want to say you're going home. Which word moves you?,,Distractor — shown reason: Je voudrais wishes for something. It cannot take you home by itself.,recognition,choose,chunk-je-vais,,,,,(none on item),"also: L1/s03-fill-polite-verb, L2/s03-fill-je-suis-blank, L3/s02-fill-verb-in-sandwich, L7/s03-fill-je-vais-blank",,,,,,,,
QA-L10-467,F,L10,s03-fill-engine-chooser,fill-with-traps,à la maison,home,gloss,You want to say you're going home. Which word moves you?,Je suis à la maison says you are already there. You want the moving engine: je vais.,French named inside feedback copy,recognition,read,chunk-a-la-maison,,,,,(none on item),"also: L7/s00-goal-je-vais, L7/s01-meet-je-vais-a-la-maison, L7/s02-insight-je-vais-frozen, L7/s04-weave-heading-home, L7/s08-fill-destination-package, L7/s05-weave-close-the-moment, L7/s06-sayit-take-your-leave, L7/s07-recap-heading-home, L10/s05-weave-close-the-day, L10/s07-sayit-take-your-leave, L10/s08-recap-full-day",,,,,,,,
QA-L10-468,F,L10,s03-fill-engine-chooser,fill-with-traps,je suis,I am,gloss,You want to say you're going home. Which word moves you?,Je suis à la maison says you are already there. You want the moving engine: je vais.,French named inside feedback copy,recognition,read,chunk-je-suis,,,,,(none on item),"also: L1/s03-fill-polite-verb, L2/s00-goal-etre, L2/s00-meet-je-suis-ici, L2/s01-insight-je-suis-engine, L2/s02-meet-bonjour-je-suis-ici, L2/s03-fill-je-suis-blank, L2/s04-weave-je-suis-ici, L2/s05-weave-call-and-respond, L2/s07-sayit-arrive-locate, L2/s08-recap-first-engine, L3/s01-insight-ne-pas-sandwich, L3/s10-recap-negation, L4/s00-goal-jai, L4/s01-insight-have-for-feelings, L4/s02-fill-have-not-be, L4/s02-fill-have-not-be, L6/s00-goal-petit-moment, L6/s03-weave-bonjour-je-suis-ici, L6/s07-sayit-step-in, L6/s10-recap-a-small-moment, L7/s02-insight-je-vais-frozen, L7/s03-fill-je-vais-blank, L10/s01-insight-three-engines",,,,,,,,
QA-L10-469,F,L10,s03-fill-engine-chooser,fill-with-traps,je vais,I'm going,gloss,You want to say you're going home. Which word moves you?,"Three engines, one job each. Moving somewhere is je vais. ⏐ Je suis à la maison says you are already there. You want the moving engine: je vais.",French named inside feedback copy,recognition,read,chunk-je-vais,,,,,(none on item),"fields: payload.reveal.explanation (inline) ; payload.options[opt-suis].trapReason (inline) || also: L7/s00-goal-je-vais, L7/s01-meet-je-vais-a-la-maison, L7/s02-insight-je-vais-frozen, L7/s02-insight-je-vais-frozen, L7/s03-fill-je-vais-blank, L7/s04-weave-heading-home, L7/s05-weave-close-the-moment, L7/s06-sayit-take-your-leave, L7/s07-recap-heading-home, L9/s03-fill-faire-blank, L10/s00-goal-integration, L10/s01-insight-three-engines, L10/s05-weave-close-the-day, L10/s07-sayit-take-your-leave, L10/s08-recap-full-day",,,,,,,,
QA-L10-470,F,L10,s03-fill-engine-chooser,fill-with-traps,je voudrais,I would like,gloss,You want to say you're going home. Which word moves you?,Je voudrais wishes for something. It cannot take you home by itself.,French named inside feedback copy,recognition,read,chunk-je-voudrais,,,,,(none on item),"also: L1/s03-fill-polite-verb, L1/s04-weave-cafe-order, L1/s06-weave-cafe-order-please, L1/s11-weave-the-order, L1/s08-sayit-cafe-order, L1/s09-recap-survival-kit, L2/s03-fill-je-suis-blank, L3/s02-fill-verb-in-sandwich, L4/s02-fill-have-not-be, L4/s02-fill-have-not-be, L5/s05-weave-je-voudrais-un-cafe, L5/s07-sayit-ask-for-a-coffee, L5/s08-recap-packages, L7/s03-fill-je-vais-blank, L9/s00-goal-pause, L9/s01-meet-faire-une-pause, L9/s03-fill-faire-blank, L9/s02-insight-voudrais-carries-actions, L9/s04-weave-ask-for-a-break, L9/s05-weave-break-politely, L9/s10-insight-what-you-can-ask, L9/s06-sayit-long-afternoon, L9/s07-recap-pause, L10/s01-insight-three-engines, L10/s04-weave-midday-break, L10/s08-recap-full-day",,,,,,,,
QA-L10-471,F,L10,s01-insight-three-engines,insight-card,je suis,I am,gloss,"Insight card: Three engines, three jobs.",You now carry three small engines. Je suis says what or where you are. Je voudrais asks for things and actions. Je vais moves you. Today they take turns.,French named inside explanatory copy,recognition,read,chunk-je-suis,,,,,(none on item),"also: L1/s03-fill-polite-verb, L2/s00-goal-etre, L2/s00-meet-je-suis-ici, L2/s01-insight-je-suis-engine, L2/s02-meet-bonjour-je-suis-ici, L2/s03-fill-je-suis-blank, L2/s04-weave-je-suis-ici, L2/s05-weave-call-and-respond, L2/s07-sayit-arrive-locate, L2/s08-recap-first-engine, L3/s01-insight-ne-pas-sandwich, L3/s10-recap-negation, L4/s00-goal-jai, L4/s01-insight-have-for-feelings, L4/s02-fill-have-not-be, L4/s02-fill-have-not-be, L6/s00-goal-petit-moment, L6/s03-weave-bonjour-je-suis-ici, L6/s07-sayit-step-in, L6/s10-recap-a-small-moment, L7/s02-insight-je-vais-frozen, L7/s03-fill-je-vais-blank, L10/s03-fill-engine-chooser",,,,,,,,
QA-L10-472,F,L10,s01-insight-three-engines,insight-card,Je suis ici.,I'm here. (being),gloss,"Insight card: Three engines, three jobs.",,"Illustrative example inside ""Three engines, three jobs.""",recognition,read,chunk-je-suis-ici,,,,,(none on item),"also: L2/s00-meet-je-suis-ici, L2/s01-insight-je-suis-engine, L2/s03-fill-je-suis-blank, L2/s04-weave-je-suis-ici, L2/s04-weave-je-suis-ici, L2/s06-insight-shape-noticed, L2/s06-insight-shape-noticed, L2/s05-weave-call-and-respond, L2/s05-weave-call-and-respond, L2/s07-sayit-arrive-locate, L2/s07-sayit-arrive-locate, L3/s01-insight-ne-pas-sandwich, L4/s01-insight-have-for-feelings, L4/s03b-fill-where-feel-have, L4/s03b-fill-where-feel-have, L6/s02-fill-right-place, L6/s02-fill-right-place, L6/s03-weave-bonjour-je-suis-ici",,,,,,,,
QA-L10-473,F,L10,s01-insight-three-engines,insight-card,je vais,I'm going,gloss,"Insight card: Three engines, three jobs.",You now carry three small engines. Je suis says what or where you are. Je voudrais asks for things and actions. Je vais moves you. Today they take turns.,French named inside explanatory copy,recognition,read,chunk-je-vais,,,,,(none on item),"also: L7/s00-goal-je-vais, L7/s01-meet-je-vais-a-la-maison, L7/s02-insight-je-vais-frozen, L7/s02-insight-je-vais-frozen, L7/s03-fill-je-vais-blank, L7/s04-weave-heading-home, L7/s05-weave-close-the-moment, L7/s06-sayit-take-your-leave, L7/s07-recap-heading-home, L9/s03-fill-faire-blank, L10/s00-goal-integration, L10/s03-fill-engine-chooser, L10/s05-weave-close-the-day, L10/s07-sayit-take-your-leave, L10/s08-recap-full-day",,,,,,,,
QA-L10-474,F,L10,s01-insight-three-engines,insight-card,Je vais à la maison.,I'm going home. (moving),gloss,"Insight card: Three engines, three jobs.",,"Illustrative example inside ""Three engines, three jobs.""",recognition,read,chunk-a-la-maison chunk-je-vais,,,,,(none on item),"also: L7/s01-meet-je-vais-a-la-maison, L7/s02-insight-je-vais-frozen, L7/s03-fill-je-vais-blank, L7/s04-weave-heading-home, L7/s08-fill-destination-package, L7/s10-insight-leaving-two-moves, L10/s03-fill-engine-chooser",,,,,,,,
QA-L10-475,F,L10,s01-insight-three-engines,insight-card,je voudrais,I would like,gloss,"Insight card: Three engines, three jobs.",You now carry three small engines. Je suis says what or where you are. Je voudrais asks for things and actions. Je vais moves you. Today they take turns.,French named inside explanatory copy,recognition,read,chunk-je-voudrais,,,,,(none on item),"also: L1/s03-fill-polite-verb, L1/s04-weave-cafe-order, L1/s06-weave-cafe-order-please, L1/s11-weave-the-order, L1/s08-sayit-cafe-order, L1/s09-recap-survival-kit, L2/s03-fill-je-suis-blank, L3/s02-fill-verb-in-sandwich, L4/s02-fill-have-not-be, L4/s02-fill-have-not-be, L5/s05-weave-je-voudrais-un-cafe, L5/s07-sayit-ask-for-a-coffee, L5/s08-recap-packages, L7/s03-fill-je-vais-blank, L9/s00-goal-pause, L9/s01-meet-faire-une-pause, L9/s03-fill-faire-blank, L9/s02-insight-voudrais-carries-actions, L9/s04-weave-ask-for-a-break, L9/s05-weave-break-politely, L9/s10-insight-what-you-can-ask, L9/s06-sayit-long-afternoon, L9/s07-recap-pause, L10/s03-fill-engine-chooser, L10/s04-weave-midday-break, L10/s08-recap-full-day",,,,,,,,
QA-L10-476,F,L10,s01-insight-three-engines,insight-card,Je voudrais faire une pause.,I'd like to take a break. (asking),gloss,"Insight card: Three engines, three jobs.",,"Illustrative example inside ""Three engines, three jobs.""",recognition,read,chunk-faire-une-pause chunk-je-voudrais,,,,,(none on item),"also: L9/s01-meet-faire-une-pause, L9/s03-fill-faire-blank, L9/s02-insight-voudrais-carries-actions, L9/s04-weave-ask-for-a-break, L9/s09-reveal-first-ask, L9/s10-insight-what-you-can-ask, L9/s06-sayit-long-afternoon, L10/s04-weave-midday-break, L10/s10-reveal-midday-break",,,,,,,,
QA-L10-477,A,L10,s04-weave-midday-break,weave,Je voudrais faire une pause.,Say you'd like to take a break.,instruction,"Midday. You've been on your feet since you arrived, and someone asks how you're doing.",,Typed production — open weave,recycled,type,chunk-faire-une-pause chunk-je-voudrais,,,,"Je voudrais faire une pause, s'il vous plaît.",(none on item),"also: L9/s01-meet-faire-une-pause, L9/s03-fill-faire-blank, L9/s02-insight-voudrais-carries-actions, L9/s04-weave-ask-for-a-break, L9/s09-reveal-first-ask, L9/s10-insight-what-you-can-ask, L9/s06-sayit-long-afternoon, L10/s01-insight-three-engines, L10/s10-reveal-midday-break",,,,,,,,
QA-L10-478,E,L10,s04-weave-midday-break,weave,"Je voudrais faire une pause, s'il vous plaît.",Say you'd like to take a break.,instruction,"Midday. You've been on your feet since you arrived, and someone asks how you're doing.",,"Accepted instead of ""Je voudrais faire une pause.""",accepted-alternative,type,chunk-faire-une-pause chunk-je-voudrais,,,,,(none on item),"also: L9/s08-fill-softener, L9/s05-weave-break-politely, L9/s05-weave-break-politely, L9/s06-sayit-long-afternoon, L10/s10-reveal-midday-break",,,,,,,,
QA-L10-479,C,L10,s04-weave-midday-break,weave,faire une pause,to take a break,gloss,"Midday. You've been on your feet since you arrived, and someone asks how you're doing.",Start with je voudrais. Then hand it the action: faire une pause.,"Support piece shown as ""to take a break""",recognition,read,chunk-faire-une-pause,,,"piece boundary ""faire une pause"" ↔ registry ""faire une pause""",,(none on item),"fields: payload.suggestedPieces[].text (hint rung 1) ; payload.reveal.ifMissingTargetPiece (inline) || also: L9/s00-goal-pause, L9/s01-meet-faire-une-pause, L9/s03-fill-faire-blank, L9/s02-insight-voudrais-carries-actions, L9/s04-weave-ask-for-a-break, L9/s09-reveal-first-ask, L9/s05-weave-break-politely, L9/s06-sayit-long-afternoon, L9/s07-recap-pause, L10/s00-goal-integration, L10/s08-recap-full-day",,,,,,,,
QA-L10-480,C,L10,s04-weave-midday-break,weave,je voudrais,I would like,gloss,"Midday. You've been on your feet since you arrived, and someone asks how you're doing.",Start with je voudrais. Then hand it the action: faire une pause.,"Support piece shown as ""I would like""",recognition,read,chunk-je-voudrais,,,"piece boundary ""je voudrais"" ↔ registry ""je voudrais""",,(none on item),"fields: payload.suggestedPieces[].text (hint rung 1) ; payload.reveal.ifMissingTargetPiece (inline) || also: L1/s03-fill-polite-verb, L1/s04-weave-cafe-order, L1/s06-weave-cafe-order-please, L1/s11-weave-the-order, L1/s08-sayit-cafe-order, L1/s09-recap-survival-kit, L2/s03-fill-je-suis-blank, L3/s02-fill-verb-in-sandwich, L4/s02-fill-have-not-be, L4/s02-fill-have-not-be, L5/s05-weave-je-voudrais-un-cafe, L5/s07-sayit-ask-for-a-coffee, L5/s08-recap-packages, L7/s03-fill-je-vais-blank, L9/s00-goal-pause, L9/s01-meet-faire-une-pause, L9/s03-fill-faire-blank, L9/s02-insight-voudrais-carries-actions, L9/s04-weave-ask-for-a-break, L9/s05-weave-break-politely, L9/s10-insight-what-you-can-ask, L9/s06-sayit-long-afternoon, L9/s07-recap-pause, L10/s03-fill-engine-chooser, L10/s01-insight-three-engines, L10/s08-recap-full-day",,,,,,,,
QA-L10-481,C,L10,s04-weave-midday-break,weave,Je voudrais ___.,Say you'd like to take a break.,instruction,"Midday. You've been on your feet since you arrived, and someone asks how you're doing.",,Second hint rung — a shape to fill in,recognition,read,chunk-faire-une-pause chunk-je-voudrais,,,,,(none on item),also: L9/s04-weave-ask-for-a-break,,,,,,,,
QA-L10-482,B,L10,s10-reveal-midday-break,natural-reveal,"Je voudrais faire une pause, s'il vous plaît.",(no English gloss presented),none,Standalone natural-reveal screen,,Alternative natural version,model-only,read,,,,,,(none),"also: L9/s08-fill-softener, L9/s05-weave-break-politely, L9/s05-weave-break-politely, L9/s06-sayit-long-afternoon, L10/s04-weave-midday-break",,,,,,,,
QA-L10-483,B,L10,s10-reveal-midday-break,natural-reveal,Je voudrais faire une pause.,(no English gloss presented),none,Standalone natural-reveal screen,,Natural version shown on its own screen,model-only,read,,,,,,(none),"also: L9/s01-meet-faire-une-pause, L9/s03-fill-faire-blank, L9/s02-insight-voudrais-carries-actions, L9/s04-weave-ask-for-a-break, L9/s09-reveal-first-ask, L9/s10-insight-what-you-can-ask, L9/s06-sayit-long-afternoon, L10/s01-insight-three-engines, L10/s04-weave-midday-break",,,,,,,,
QA-L10-484,F,L10,s10-reveal-midday-break,natural-reveal,s'il vous plaît,please (formal),gloss,Standalone natural-reveal screen,"Both are natural. Among people you have been working with all morning, the short form is enough; s'il vous plaît adds a little distance when you want it.",French named inside explanatory copy,recognition,read,chunk-sil-vous-plait,,,,,(none on item),"also: L1/s00-goal-survival-kit, L1/s05-meet-sil-vous-plait, L1/s05-meet-sil-vous-plait, L1/s06-weave-cafe-order-please, L1/s11-weave-the-order, L1/s08-sayit-cafe-order, L1/s09-recap-survival-kit, L9/s08-fill-softener, L9/s05-weave-break-politely, L9/s10-insight-what-you-can-ask, L9/s06-sayit-long-afternoon, L9/s07-recap-pause",,,,,,,,
QA-L10-485,C,L10,s06-meet-preview-help,meet-card,m'aider,to help me,gloss,Just listen. This one arrives next.,,Highlighted chunk boundary inside the meet sentence,supported,read,chunk-m-aider,,,"highlight span of ""Vous pouvez m'aider ?""",,(none on item),unique to this screen,,,,,,,,
QA-L10-486,C,L10,s06-meet-preview-help,meet-card,vous pouvez,you can,gloss,Just listen. This one arrives next.,,Highlighted chunk boundary inside the meet sentence,supported,read,chunk-vous-pouvez,,,"highlight span of ""Vous pouvez m'aider ?""",,(none on item),unique to this screen,,,,,,,,
QA-L10-487,C,L10,s06-meet-preview-help,meet-card,Vous pouvez m'aider ?,Can you help me?,gloss,Just listen. This one arrives next.,,First contact / re-contact: Just listen. This one arrives next.,supported,listen,chunk-vous-pouvez chunk-m-aider,,,vous pouvez → chunk-vous-pouvez | m'aider → chunk-m-aider,,(none on item),unique to this screen,,,,,,,,
QA-L10-488,A,L10,s05-weave-close-the-day,weave,Je vais à la maison. Au revoir.,"Evening. Say you're going home, then say goodbye.",instruction,"The day at the new place is done. People are still talking, but you're finished.",,Typed production — open weave,supported,type,chunk-je-vais chunk-a-la-maison,,,,"Je vais à la maison, au revoir.",(none on item),"also: L7/s05-weave-close-the-moment, L7/s05-weave-close-the-moment, L7/s09-reveal-the-close, L7/s09-reveal-the-close, L7/s06-sayit-take-your-leave, L10/s07-sayit-take-your-leave",,,,,,,,
QA-L10-489,E,L10,s05-weave-close-the-day,weave,"Je vais à la maison, au revoir.","Evening. Say you're going home, then say goodbye.",instruction,"The day at the new place is done. People are still talking, but you're finished.",,"Accepted instead of ""Je vais à la maison. Au revoir.""",accepted-alternative,type,chunk-je-vais chunk-a-la-maison,,,,,(none on item),"also: L7/s05-weave-close-the-moment, L7/s05-weave-close-the-moment, L7/s09-reveal-the-close, L7/s09-reveal-the-close, L7/s06-sayit-take-your-leave, L10/s07-sayit-take-your-leave",,,,,,,,
QA-L10-490,C,L10,s05-weave-close-the-day,weave,à la maison,home,gloss,"The day at the new place is done. People are still talking, but you're finished.","Lead with je vais à la maison, then let au revoir close the door.","Support piece shown as ""home""",recognition,read,chunk-a-la-maison,,,"piece boundary ""à la maison"" ↔ registry ""à la maison""",,(none on item),"fields: payload.suggestedPieces[].text (hint rung 1) ; payload.reveal.ifMissingTargetPiece (inline) || also: L7/s00-goal-je-vais, L7/s01-meet-je-vais-a-la-maison, L7/s02-insight-je-vais-frozen, L7/s04-weave-heading-home, L7/s08-fill-destination-package, L7/s05-weave-close-the-moment, L7/s06-sayit-take-your-leave, L7/s07-recap-heading-home, L10/s03-fill-engine-chooser, L10/s07-sayit-take-your-leave, L10/s08-recap-full-day",,,,,,,,
QA-L10-491,C,L10,s05-weave-close-the-day,weave,au revoir,goodbye,gloss,"The day at the new place is done. People are still talking, but you're finished.","Lead with je vais à la maison, then let au revoir close the door.","Support piece shown as ""goodbye""",recognition,read,chunk-au-revoir,,,"piece boundary ""au revoir"" ↔ registry ""au revoir""",,(none on item),"fields: payload.suggestedPieces[].text (hint rung 1) ; payload.reveal.ifMissingTargetPiece (inline) || also: L6/s00-goal-petit-moment, L6/s00-insight-bonjour-to-au-revoir, L6/s00-insight-bonjour-to-au-revoir, L6/s06-meet-au-revoir, L6/s06-meet-au-revoir, L6/s08-weave-close-open, L6/s10-recap-a-small-moment, L6/s10-recap-a-small-moment, L7/s05-weave-close-the-moment, L7/s10-insight-leaving-two-moves, L7/s06-sayit-take-your-leave, L7/s07-recap-heading-home, L9/s08-fill-softener, L10/s07-sayit-take-your-leave, L10/s08-recap-full-day",,,,,,,,
QA-L10-492,C,L10,s05-weave-close-the-day,weave,je vais,I'm going,gloss,"The day at the new place is done. People are still talking, but you're finished.","Lead with je vais à la maison, then let au revoir close the door.","Support piece shown as ""I'm going""",recognition,read,chunk-je-vais,,,"piece boundary ""je vais"" ↔ registry ""je vais""",,(none on item),"fields: payload.suggestedPieces[].text (hint rung 1) ; payload.reveal.ifMissingTargetPiece (inline) || also: L7/s00-goal-je-vais, L7/s01-meet-je-vais-a-la-maison, L7/s02-insight-je-vais-frozen, L7/s02-insight-je-vais-frozen, L7/s03-fill-je-vais-blank, L7/s04-weave-heading-home, L7/s05-weave-close-the-moment, L7/s06-sayit-take-your-leave, L7/s07-recap-heading-home, L9/s03-fill-faire-blank, L10/s00-goal-integration, L10/s03-fill-engine-chooser, L10/s01-insight-three-engines, L10/s07-sayit-take-your-leave, L10/s08-recap-full-day",,,,,,,,
QA-L10-493,C,L10,s05-weave-close-the-day,weave,Je vais ___. Au revoir.,"Evening. Say you're going home, then say goodbye.",instruction,"The day at the new place is done. People are still talking, but you're finished.",,Second hint rung — a shape to fill in,recognition,read,chunk-je-vais chunk-a-la-maison,,,,,(none on item),also: L7/s05-weave-close-the-moment,,,,,,,,
QA-L10-494,F,L10,s05-weave-close-the-day,weave,Bonjour,Hello,gloss,"The day at the new place is done. People are still talking, but you're finished.",You opened the day with bonjour. Now you can close it.,French named inside feedback copy,recognition,read,chunk-bonjour,,,,,(none on item),"also: L1/s04-weave-cafe-order, L1/s01-insight-survival-kit, L1/s06-weave-cafe-order-please, L1/s08-sayit-cafe-order, L1/s09-recap-survival-kit, L2/s02-meet-bonjour-je-suis-ici, L2/s03-fill-je-suis-blank, L2/s03-fill-je-suis-blank, L2/s07-sayit-arrive-locate, L2/s08-recap-first-engine, L3/s02-fill-verb-in-sandwich, L3/s02-fill-verb-in-sandwich, L4/s06-weave-bonjour-j-ai-une-question, L4/s07-sayit-how-you-feel, L4/s08-recap-jai, L6/s00-goal-petit-moment, L6/s01-meet-bonjour-at-the-door, L6/s01-meet-bonjour-at-the-door, L6/s03-weave-bonjour-je-suis-ici, L6/s00-insight-bonjour-to-au-revoir, L6/s00-insight-bonjour-to-au-revoir, L6/s07-sayit-step-in, L6/s10-recap-a-small-moment, L8/s06-sayit-find-the-room, L8/s06-sayit-find-the-room, L8/s07-recap-ou, L10/s09-meet-morning-arrival, L10/s02-weave-arrive-ask-where, L10/s02-weave-arrive-ask-where, L10/s08-recap-full-day",,,,,,,,
QA-L10-495,B,L10,s07-sayit-take-your-leave,say-it-your-way,Je vais à la maison. Au revoir.,"Take your leave warmly: thanks, direction, goodbye.",instruction,The end of your first full day at the new place. Someone walks you to the door.,,Alternative natural version shown in the reveal,model-only,read,chunk-je-vais chunk-a-la-maison,,,,,(none on item),"also: L7/s05-weave-close-the-moment, L7/s05-weave-close-the-moment, L7/s09-reveal-the-close, L7/s09-reveal-the-close, L7/s06-sayit-take-your-leave, L10/s05-weave-close-the-day, L10/s05-weave-close-the-day",,,,,,,,
QA-L10-496,B,L10,s07-sayit-take-your-leave,say-it-your-way,Merci. Je vais à la maison. Au revoir.,"Take your leave warmly: thanks, direction, goodbye.",instruction,The end of your first full day at the new place. Someone walks you to the door.,,Model answer for the open task,model-only,read,chunk-je-vais chunk-a-la-maison,,,,,(none on item),also: L7/s06-sayit-take-your-leave,,,,,,,,
QA-L10-497,C,L10,s07-sayit-take-your-leave,say-it-your-way,à la maison,home,gloss,The end of your first full day at the new place. Someone walks you to the door.,Both are natural. Merci thanks the day; je vais à la maison says where you're off to; au revoir closes it gently.,Support piece for the open task,recognition,read,chunk-a-la-maison,,,"piece boundary ""à la maison"" ↔ registry ""à la maison""",,(none on item),"fields: payload.suggestedPieces[].text (opt-in support) ; payload.reveal.explanation (inline) || also: L7/s00-goal-je-vais, L7/s01-meet-je-vais-a-la-maison, L7/s02-insight-je-vais-frozen, L7/s04-weave-heading-home, L7/s08-fill-destination-package, L7/s05-weave-close-the-moment, L7/s06-sayit-take-your-leave, L7/s07-recap-heading-home, L10/s03-fill-engine-chooser, L10/s05-weave-close-the-day, L10/s08-recap-full-day",,,,,,,,
QA-L10-498,C,L10,s07-sayit-take-your-leave,say-it-your-way,au revoir,goodbye,gloss,The end of your first full day at the new place. Someone walks you to the door.,Both are natural. Merci thanks the day; je vais à la maison says where you're off to; au revoir closes it gently.,Support piece for the open task,recognition,read,chunk-au-revoir,,,"piece boundary ""au revoir"" ↔ registry ""au revoir""",,(none on item),"fields: payload.suggestedPieces[].text (opt-in support) ; payload.reveal.explanation (inline) || also: L6/s00-goal-petit-moment, L6/s00-insight-bonjour-to-au-revoir, L6/s00-insight-bonjour-to-au-revoir, L6/s06-meet-au-revoir, L6/s06-meet-au-revoir, L6/s08-weave-close-open, L6/s10-recap-a-small-moment, L6/s10-recap-a-small-moment, L7/s05-weave-close-the-moment, L7/s10-insight-leaving-two-moves, L7/s06-sayit-take-your-leave, L7/s07-recap-heading-home, L9/s08-fill-softener, L10/s05-weave-close-the-day, L10/s08-recap-full-day",,,,,,,,
QA-L10-499,C,L10,s07-sayit-take-your-leave,say-it-your-way,je vais,I'm going,gloss,The end of your first full day at the new place. Someone walks you to the door.,Both are natural. Merci thanks the day; je vais à la maison says where you're off to; au revoir closes it gently.,Support piece for the open task,recognition,read,chunk-je-vais,,,"piece boundary ""je vais"" ↔ registry ""je vais""",,(none on item),"fields: payload.suggestedPieces[].text (opt-in support) ; payload.reveal.explanation (inline) || also: L7/s00-goal-je-vais, L7/s01-meet-je-vais-a-la-maison, L7/s02-insight-je-vais-frozen, L7/s02-insight-je-vais-frozen, L7/s03-fill-je-vais-blank, L7/s04-weave-heading-home, L7/s05-weave-close-the-moment, L7/s06-sayit-take-your-leave, L7/s07-recap-heading-home, L9/s03-fill-faire-blank, L10/s00-goal-integration, L10/s03-fill-engine-chooser, L10/s01-insight-three-engines, L10/s05-weave-close-the-day, L10/s08-recap-full-day",,,,,,,,
QA-L10-500,C,L10,s07-sayit-take-your-leave,say-it-your-way,merci,thank you,gloss,The end of your first full day at the new place. Someone walks you to the door.,Both are natural. Merci thanks the day; je vais à la maison says where you're off to; au revoir closes it gently.,Support piece for the open task,recognition,read,chunk-merci,sent:l01-merci,,"piece boundary ""merci"" ↔ registry ""merci""",,founder_waived_provisional,"fields: payload.suggestedPieces[].text (opt-in support) ; payload.reveal.explanation (inline) || also: L1/s00-goal-survival-kit, L1/s01-insight-survival-kit, L1/s07-meet-merci, L1/s07-meet-merci, L1/s10-weave-merci-thanks, L1/s10-weave-merci-thanks, L1/s10-weave-merci-thanks, L1/s08-sayit-cafe-order, L1/s09-recap-survival-kit, L3/s05-fill-refuse-politely, L6/s00-goal-petit-moment, L6/s04-fill-decline-offer, L6/s04-fill-decline-offer, L6/s08-weave-close-open, L6/s10-recap-a-small-moment, L7/s06-sayit-take-your-leave, L7/s07-recap-heading-home, L9/s08-fill-softener",,,,,,,,
QA-L10-501,C,L10,s08-recap-full-day,recap,à la maison,home,gloss,Recap: You lived a day in French.,,Chip listed back as a piece the learner used,recycled,read,chunk-a-la-maison,,,,,(none on item),"also: L7/s00-goal-je-vais, L7/s01-meet-je-vais-a-la-maison, L7/s02-insight-je-vais-frozen, L7/s04-weave-heading-home, L7/s08-fill-destination-package, L7/s05-weave-close-the-moment, L7/s06-sayit-take-your-leave, L7/s07-recap-heading-home, L10/s03-fill-engine-chooser, L10/s05-weave-close-the-day, L10/s07-sayit-take-your-leave",,,,,,,,
QA-L10-502,C,L10,s08-recap-full-day,recap,au revoir,goodbye,gloss,Recap: You lived a day in French.,,Chip listed back as a piece the learner used,recycled,read,chunk-au-revoir,,,,,(none on item),"also: L6/s00-goal-petit-moment, L6/s00-insight-bonjour-to-au-revoir, L6/s00-insight-bonjour-to-au-revoir, L6/s06-meet-au-revoir, L6/s06-meet-au-revoir, L6/s08-weave-close-open, L6/s10-recap-a-small-moment, L6/s10-recap-a-small-moment, L7/s05-weave-close-the-moment, L7/s10-insight-leaving-two-moves, L7/s06-sayit-take-your-leave, L7/s07-recap-heading-home, L9/s08-fill-softener, L10/s05-weave-close-the-day, L10/s07-sayit-take-your-leave",,,,,,,,
QA-L10-503,C,L10,s08-recap-full-day,recap,bonjour,Hello,gloss,Recap: You lived a day in French.,,Chip listed back as a piece the learner used,recycled,read,chunk-bonjour,,,,,(none on item),"also: L1/s04-weave-cafe-order, L1/s01-insight-survival-kit, L1/s06-weave-cafe-order-please, L1/s08-sayit-cafe-order, L1/s09-recap-survival-kit, L2/s02-meet-bonjour-je-suis-ici, L2/s03-fill-je-suis-blank, L2/s03-fill-je-suis-blank, L2/s07-sayit-arrive-locate, L2/s08-recap-first-engine, L3/s02-fill-verb-in-sandwich, L3/s02-fill-verb-in-sandwich, L4/s06-weave-bonjour-j-ai-une-question, L4/s07-sayit-how-you-feel, L4/s08-recap-jai, L6/s00-goal-petit-moment, L6/s01-meet-bonjour-at-the-door, L6/s01-meet-bonjour-at-the-door, L6/s03-weave-bonjour-je-suis-ici, L6/s00-insight-bonjour-to-au-revoir, L6/s00-insight-bonjour-to-au-revoir, L6/s07-sayit-step-in, L6/s10-recap-a-small-moment, L8/s06-sayit-find-the-room, L8/s06-sayit-find-the-room, L8/s07-recap-ou, L10/s09-meet-morning-arrival, L10/s02-weave-arrive-ask-where, L10/s02-weave-arrive-ask-where, L10/s05-weave-close-the-day",,,,,,,,
QA-L10-504,C,L10,s08-recap-full-day,recap,c'est,it is / that is,gloss,Recap: You lived a day in French.,,Chip listed back as a piece the learner used,recycled,read,chunk-c-est,,,,,(none on item),"also: L3/s07-weave-ce-n-est-pas-ici, L3/s10-recap-negation, L8/s01-meet-c-est-ou, L8/s03-fill-c-est-blank, L8/s04-weave-ask-where, L8/s08-meet-c-est-ici, L8/s05-weave-answer-here, L8/s06-sayit-find-the-room, L8/s07-recap-ou, L10/s00-goal-integration, L10/s09-meet-morning-arrival, L10/s02-weave-arrive-ask-where",,,,,,,,
QA-L10-505,C,L10,s08-recap-full-day,recap,faire une pause,to take a break,gloss,Recap: You lived a day in French.,,Chip listed back as a piece the learner used,recycled,read,chunk-faire-une-pause,,,,,(none on item),"also: L9/s00-goal-pause, L9/s01-meet-faire-une-pause, L9/s03-fill-faire-blank, L9/s02-insight-voudrais-carries-actions, L9/s04-weave-ask-for-a-break, L9/s09-reveal-first-ask, L9/s05-weave-break-politely, L9/s06-sayit-long-afternoon, L9/s07-recap-pause, L10/s00-goal-integration, L10/s04-weave-midday-break",,,,,,,,
QA-L10-506,C,L10,s08-recap-full-day,recap,je vais,I'm going,gloss,Recap: You lived a day in French.,,Chip listed back as a piece the learner used,recycled,read,chunk-je-vais,,,,,(none on item),"also: L7/s00-goal-je-vais, L7/s01-meet-je-vais-a-la-maison, L7/s02-insight-je-vais-frozen, L7/s02-insight-je-vais-frozen, L7/s03-fill-je-vais-blank, L7/s04-weave-heading-home, L7/s05-weave-close-the-moment, L7/s06-sayit-take-your-leave, L7/s07-recap-heading-home, L9/s03-fill-faire-blank, L10/s00-goal-integration, L10/s03-fill-engine-chooser, L10/s01-insight-three-engines, L10/s05-weave-close-the-day, L10/s07-sayit-take-your-leave",,,,,,,,
QA-L10-507,C,L10,s08-recap-full-day,recap,je voudrais,I would like,gloss,Recap: You lived a day in French.,,Chip listed back as a piece the learner used,recycled,read,chunk-je-voudrais,,,,,(none on item),"also: L1/s03-fill-polite-verb, L1/s04-weave-cafe-order, L1/s06-weave-cafe-order-please, L1/s11-weave-the-order, L1/s08-sayit-cafe-order, L1/s09-recap-survival-kit, L2/s03-fill-je-suis-blank, L3/s02-fill-verb-in-sandwich, L4/s02-fill-have-not-be, L4/s02-fill-have-not-be, L5/s05-weave-je-voudrais-un-cafe, L5/s07-sayit-ask-for-a-coffee, L5/s08-recap-packages, L7/s03-fill-je-vais-blank, L9/s00-goal-pause, L9/s01-meet-faire-une-pause, L9/s03-fill-faire-blank, L9/s02-insight-voudrais-carries-actions, L9/s04-weave-ask-for-a-break, L9/s05-weave-break-politely, L9/s10-insight-what-you-can-ask, L9/s06-sayit-long-afternoon, L9/s07-recap-pause, L10/s03-fill-engine-chooser, L10/s01-insight-three-engines, L10/s04-weave-midday-break",,,,,,,,
QA-L10-508,C,L10,s08-recap-full-day,recap,où,where,gloss,Recap: You lived a day in French.,,Chip listed back as a piece the learner used,recycled,read,adverb-ou-where,,,,,(none on item),"also: L8/s01-meet-c-est-ou, L8/s03-fill-c-est-blank, L8/s04-weave-ask-where, L8/s09-fill-which-side, L8/s06-sayit-find-the-room, L8/s07-recap-ou, L10/s09-meet-morning-arrival, L10/s02-weave-arrive-ask-where",,,,,,,,
